cohort_month,months_since_signup,cohort_size,retained_customers,retention_rate_pct
2021-01-01,0,99,87,87.88
2021-01-01,1,99,80,80.81
2021-01-01,2,99,76,76.77
2021-01-01,3,99,72,72.73
2021-01-01,4,99,93,93.94
2021-01-01,5,99,88,88.89
2021-01-01,6,99,83,83.84
2021-01-01,7,99,85,85.86
2021-01-01,8,99,69,69.70
2021-01-01,9,99,64,64.65
2021-01-01,10,99,75,75.76
2021-01-01,11,99,77,77.78
2021-01-01,12,99,90,90.91
2021-01-01,13,99,82,82.83
2021-01-01,14,99,72,72.73
2021-01-01,15,99,86,86.87
2021-01-01,16,99,89,89.90
2021-01-01,17,99,83,83.84
2021-01-01,18,99,76,76.77
2021-01-01,19,99,82,82.83
2021-01-01,20,99,73,73.74
2021-01-01,21,99,75,75.76
2021-01-01,22,99,65,65.66
2021-01-01,23,99,80,80.81
2021-01-01,24,99,88,88.89
2021-01-01,25,99,82,82.83
2021-01-01,26,99,72,72.73
2021-01-01,27,99,82,82.83
2021-01-01,28,99,80,80.81
2021-01-01,29,99,82,82.83
2021-01-01,30,99,82,82.83
2021-01-01,31,99,74,74.75
2021-01-01,32,99,72,72.73
2021-01-01,33,99,69,69.70
2021-01-01,34,99,74,74.75
2021-01-01,35,99,73,73.74
2021-01-01,36,99,91,91.92
2021-01-01,37,99,87,87.88
2021-01-01,38,99,75,75.76
2021-01-01,39,99,86,86.87
2021-01-01,40,99,86,86.87
2021-01-01,41,99,81,81.82
2021-01-01,42,99,81,81.82
2021-01-01,43,99,80,80.81
2021-01-01,44,99,64,64.65
2021-01-01,45,99,73,73.74
2021-01-01,46,99,77,77.78
2021-01-01,47,99,79,79.80
2021-01-01,48,99,90,90.91
2021-01-01,49,99,86,86.87
2021-01-01,50,99,91,91.92
2021-01-01,51,99,71,71.72
2021-01-01,52,99,86,86.87
2021-01-01,53,99,84,84.85
2021-01-01,54,99,83,83.84
2021-01-01,55,99,83,83.84
2021-01-01,56,99,71,71.72
2021-01-01,57,99,77,77.78
2021-02-01,0,66,55,83.33
2021-02-01,1,66,49,74.24
2021-02-01,2,66,54,81.82
2021-02-01,3,66,60,90.91
2021-02-01,4,66,54,81.82
2021-02-01,5,66,57,86.36
2021-02-01,6,66,52,78.79
2021-02-01,7,66,44,66.67
2021-02-01,8,66,47,71.21
2021-02-01,9,66,52,78.79
2021-02-01,10,66,51,77.27
2021-02-01,11,66,58,87.88
2021-02-01,12,66,56,84.85
2021-02-01,13,66,49,74.24
2021-02-01,14,66,51,77.27
2021-02-01,15,66,55,83.33
2021-02-01,16,66,53,80.30
2021-02-01,17,66,55,83.33
2021-02-01,18,66,47,71.21
2021-02-01,19,66,44,66.67
2021-02-01,20,66,57,86.36
2021-02-01,21,66,55,83.33
2021-02-01,22,66,55,83.33
2021-02-01,23,66,62,93.94
2021-02-01,24,66,51,77.27
2021-02-01,25,66,54,81.82
2021-02-01,26,66,53,80.30
2021-02-01,27,66,61,92.42
2021-02-01,28,66,54,81.82
2021-02-01,29,66,58,87.88
2021-02-01,30,66,51,77.27
2021-02-01,31,66,52,78.79
2021-02-01,32,66,42,63.64
2021-02-01,33,66,52,78.79
2021-02-01,34,66,51,77.27
2021-02-01,35,66,63,95.45
2021-02-01,36,66,57,86.36
2021-02-01,37,66,54,81.82
2021-02-01,38,66,53,80.30
2021-02-01,39,66,57,86.36
2021-02-01,40,66,48,72.73
2021-02-01,41,66,50,75.76
2021-02-01,42,66,52,78.79
2021-02-01,43,66,43,65.15
2021-02-01,44,66,48,72.73
2021-02-01,45,66,44,66.67
2021-02-01,46,66,49,74.24
2021-02-01,47,66,60,90.91
2021-02-01,48,66,54,81.82
2021-02-01,49,66,53,80.30
2021-02-01,50,66,48,72.73
2021-02-01,51,66,56,84.85
2021-02-01,52,66,52,78.79
2021-02-01,53,66,57,86.36
2021-02-01,54,66,52,78.79
2021-02-01,55,66,45,68.18
2021-02-01,56,66,42,63.64
2021-03-01,0,94,71,75.53
2021-03-01,1,94,77,81.91
2021-03-01,2,94,85,90.43
2021-03-01,3,94,77,81.91
2021-03-01,4,94,71,75.53
2021-03-01,5,94,79,84.04
2021-03-01,6,94,58,61.70
2021-03-01,7,94,63,67.02
2021-03-01,8,94,64,68.09
2021-03-01,9,94,71,75.53
2021-03-01,10,94,85,90.43
2021-03-01,11,94,81,86.17
2021-03-01,12,94,67,71.28
2021-03-01,13,94,78,82.98
2021-03-01,14,94,83,88.30
2021-03-01,15,94,79,84.04
2021-03-01,16,94,85,90.43
2021-03-01,17,94,80,85.11
2021-03-01,18,94,72,76.60
2021-03-01,19,94,63,67.02
2021-03-01,20,94,65,69.15
2021-03-01,21,94,78,82.98
2021-03-01,22,94,86,91.49
2021-03-01,23,94,80,85.11
2021-03-01,24,94,66,70.21
2021-03-01,25,94,74,78.72
2021-03-01,26,94,79,84.04
2021-03-01,27,94,84,89.36
2021-03-01,28,94,80,85.11
2021-03-01,29,94,77,81.91
2021-03-01,30,94,72,76.60
2021-03-01,31,94,66,70.21
2021-03-01,32,94,69,73.40
2021-03-01,33,94,71,75.53
2021-03-01,34,94,87,92.55
2021-03-01,35,94,81,86.17
2021-03-01,36,94,69,73.40
2021-03-01,37,94,67,71.28
2021-03-01,38,94,80,85.11
2021-03-01,39,94,78,82.98
2021-03-01,40,94,74,78.72
2021-03-01,41,94,76,80.85
2021-03-01,42,94,65,69.15
2021-03-01,43,94,70,74.47
2021-03-01,44,94,60,63.83
2021-03-01,45,94,78,82.98
2021-03-01,46,94,84,89.36
2021-03-01,47,94,80,85.11
2021-03-01,48,94,80,85.11
2021-03-01,49,94,73,77.66
2021-03-01,50,94,84,89.36
2021-03-01,51,94,82,87.23
2021-03-01,52,94,73,77.66
2021-03-01,53,94,74,78.72
2021-03-01,54,94,64,68.09
2021-03-01,55,94,64,68.09
2021-04-01,0,85,66,77.65
2021-04-01,1,85,76,89.41
2021-04-01,2,85,71,83.53
2021-04-01,3,85,68,80.00
2021-04-01,4,85,70,82.35
2021-04-01,5,85,63,74.12
2021-04-01,6,85,54,63.53
2021-04-01,7,85,56,65.88
2021-04-01,8,85,66,77.65
2021-04-01,9,85,77,90.59
2021-04-01,10,85,69,81.18
2021-04-01,11,85,57,67.06
2021-04-01,12,85,71,83.53
2021-04-01,13,85,71,83.53
2021-04-01,14,85,66,77.65
2021-04-01,15,85,65,76.47
2021-04-01,16,85,71,83.53
2021-04-01,17,85,61,71.76
2021-04-01,18,85,62,72.94
2021-04-01,19,85,63,74.12
2021-04-01,20,85,75,88.24
2021-04-01,21,85,78,91.76
2021-04-01,22,85,70,82.35
2021-04-01,23,85,59,69.41
2021-04-01,24,85,76,89.41
2021-04-01,25,85,73,85.88
2021-04-01,26,85,70,82.35
2021-04-01,27,85,69,81.18
2021-04-01,28,85,61,71.76
2021-04-01,29,85,55,64.71
2021-04-01,30,85,62,72.94
2021-04-01,31,85,62,72.94
2021-04-01,32,85,65,76.47
2021-04-01,33,85,79,92.94
2021-04-01,34,85,75,88.24
2021-04-01,35,85,66,77.65
2021-04-01,36,85,72,84.71
2021-04-01,37,85,76,89.41
2021-04-01,38,85,70,82.35
2021-04-01,39,85,67,78.82
2021-04-01,40,85,67,78.82
2021-04-01,41,85,56,65.88
2021-04-01,42,85,59,69.41
2021-04-01,43,85,58,68.24
2021-04-01,44,85,73,85.88
2021-04-01,45,85,79,92.94
2021-04-01,46,85,76,89.41
2021-04-01,47,85,71,83.53
2021-04-01,48,85,58,68.24
2021-04-01,49,85,75,88.24
2021-04-01,50,85,66,77.65
2021-04-01,51,85,66,77.65
2021-04-01,52,85,78,91.76
2021-04-01,53,85,57,67.06
2021-04-01,54,85,51,60.00
2021-05-01,0,82,70,85.37
2021-05-01,1,82,67,81.71
2021-05-01,2,82,66,80.49
2021-05-01,3,82,67,81.71
2021-05-01,4,82,59,71.95
2021-05-01,5,82,57,69.51
2021-05-01,6,82,54,65.85
2021-05-01,7,82,59,71.95
2021-05-01,8,82,75,91.46
2021-05-01,9,82,74,90.24
2021-05-01,10,82,47,57.32
2021-05-01,11,82,73,89.02
2021-05-01,12,82,74,90.24
2021-05-01,13,82,72,87.80
2021-05-01,14,82,66,80.49
2021-05-01,15,82,68,82.93
2021-05-01,16,82,57,69.51
2021-05-01,17,82,60,73.17
2021-05-01,18,82,61,74.39
2021-05-01,19,82,66,80.49
2021-05-01,20,82,69,84.15
2021-05-01,21,82,68,82.93
2021-05-01,22,82,65,79.27
2021-05-01,23,82,69,84.15
2021-05-01,24,82,65,79.27
2021-05-01,25,82,68,82.93
2021-05-01,26,82,68,82.93
2021-05-01,27,82,63,76.83
2021-05-01,28,82,64,78.05
2021-05-01,29,82,51,62.20
2021-05-01,30,82,52,63.41
2021-05-01,31,82,64,78.05
2021-05-01,32,82,73,89.02
2021-05-01,33,82,77,93.90
2021-05-01,34,82,68,82.93
2021-05-01,35,82,68,82.93
2021-05-01,36,82,66,80.49
2021-05-01,37,82,69,84.15
2021-05-01,38,82,73,89.02
2021-05-01,39,82,57,69.51
2021-05-01,40,82,58,70.73
2021-05-01,41,82,59,71.95
2021-05-01,42,82,60,73.17
2021-05-01,43,82,67,81.71
2021-05-01,44,82,76,92.68
2021-05-01,45,82,68,82.93
2021-05-01,46,82,72,87.80
2021-05-01,47,82,61,74.39
2021-05-01,48,82,71,86.59
2021-05-01,49,82,70,85.37
2021-05-01,50,82,68,82.93
2021-05-01,51,82,69,84.15
2021-05-01,52,82,53,64.63
2021-05-01,53,82,53,64.63
2021-06-01,0,96,77,80.21
2021-06-01,1,96,78,81.25
2021-06-01,2,96,80,83.33
2021-06-01,3,96,70,72.92
2021-06-01,4,96,67,69.79
2021-06-01,5,96,73,76.04
2021-06-01,6,96,79,82.29
2021-06-01,7,96,90,93.75
2021-06-01,8,96,80,83.33
2021-06-01,9,96,71,73.96
2021-06-01,10,96,74,77.08
2021-06-01,11,96,76,79.17
2021-06-01,12,96,78,81.25
2021-06-01,13,96,83,86.46
2021-06-01,14,96,79,82.29
2021-06-01,15,96,73,76.04
2021-06-01,16,96,71,73.96
2021-06-01,17,96,73,76.04
2021-06-01,18,96,75,78.13
2021-06-01,19,96,85,88.54
2021-06-01,20,96,79,82.29
2021-06-01,21,96,70,72.92
2021-06-01,22,96,81,84.38
2021-06-01,23,96,85,88.54
2021-06-01,24,96,77,80.21
2021-06-01,25,96,72,75.00
2021-06-01,26,96,81,84.38
2021-06-01,27,96,68,70.83
2021-06-01,28,96,64,66.67
2021-06-01,29,96,69,71.88
2021-06-01,30,96,84,87.50
2021-06-01,31,96,87,90.63
2021-06-01,32,96,83,86.46
2021-06-01,33,96,71,73.96
2021-06-01,34,96,71,73.96
2021-06-01,35,96,84,87.50
2021-06-01,36,96,82,85.42
2021-06-01,37,96,83,86.46
2021-06-01,38,96,84,87.50
2021-06-01,39,96,70,72.92
2021-06-01,40,96,69,71.88
2021-06-01,41,96,71,73.96
2021-06-01,42,96,74,77.08
2021-06-01,43,96,85,88.54
2021-06-01,44,96,86,89.58
2021-06-01,45,96,81,84.38
2021-06-01,46,96,64,66.67
2021-06-01,47,96,81,84.38
2021-06-01,48,96,86,89.58
2021-06-01,49,96,77,80.21
2021-06-01,50,96,79,82.29
2021-06-01,51,96,64,66.67
2021-06-01,52,96,65,67.71
2021-07-01,0,98,86,87.76
2021-07-01,1,98,77,78.57
2021-07-01,2,98,65,66.33
2021-07-01,3,98,69,70.41
2021-07-01,4,98,74,75.51
2021-07-01,5,98,81,82.65
2021-07-01,6,98,85,86.73
2021-07-01,7,98,91,92.86
2021-07-01,8,98,62,63.27
2021-07-01,9,98,87,88.78
2021-07-01,10,98,79,80.61
2021-07-01,11,98,79,80.61
2021-07-01,12,98,82,83.67
2021-07-01,13,98,84,85.71
2021-07-01,14,98,71,72.45
2021-07-01,15,98,78,79.59
2021-07-01,16,98,66,67.35
2021-07-01,17,98,75,76.53
2021-07-01,18,98,91,92.86
2021-07-01,19,98,80,81.63
2021-07-01,20,98,61,62.24
2021-07-01,21,98,85,86.73
2021-07-01,22,98,83,84.69
2021-07-01,23,98,84,85.71
2021-07-01,24,98,81,82.65
2021-07-01,25,98,80,81.63
2021-07-01,26,98,65,66.33
2021-07-01,27,98,79,80.61
2021-07-01,28,98,68,69.39
2021-07-01,29,98,84,85.71
2021-07-01,30,98,87,88.78
2021-07-01,31,98,89,90.82
2021-07-01,32,98,79,80.61
2021-07-01,33,98,76,77.55
2021-07-01,34,98,82,83.67
2021-07-01,35,98,79,80.61
2021-07-01,36,98,81,82.65
2021-07-01,37,98,83,84.69
2021-07-01,38,98,64,65.31
2021-07-01,39,98,77,78.57
2021-07-01,40,98,69,70.41
2021-07-01,41,98,75,76.53
2021-07-01,42,98,91,92.86
2021-07-01,43,98,83,84.69
2021-07-01,44,98,80,81.63
2021-07-01,45,98,76,77.55
2021-07-01,46,98,86,87.76
2021-07-01,47,98,84,85.71
2021-07-01,48,98,78,79.59
2021-07-01,49,98,77,78.57
2021-07-01,50,98,67,68.37
2021-07-01,51,98,73,74.49
2021-08-01,0,97,78,80.41
2021-08-01,1,97,61,62.89
2021-08-01,2,97,62,63.92
2021-08-01,3,97,62,63.92
2021-08-01,4,97,77,79.38
2021-08-01,5,97,91,93.81
2021-08-01,6,97,82,84.54
2021-08-01,7,97,77,79.38
2021-08-01,8,97,77,79.38
2021-08-01,9,97,79,81.44
2021-08-01,10,97,70,72.16
2021-08-01,11,97,83,85.57
2021-08-01,12,97,85,87.63
2021-08-01,13,97,61,62.89
2021-08-01,14,97,65,67.01
2021-08-01,15,97,74,76.29
2021-08-01,16,97,85,87.63
2021-08-01,17,97,84,86.60
2021-08-01,18,97,85,87.63
2021-08-01,19,97,67,69.07
2021-08-01,20,97,75,77.32
2021-08-01,21,97,80,82.47
2021-08-01,22,97,77,79.38
2021-08-01,23,97,82,84.54
2021-08-01,24,97,81,83.51
2021-08-01,25,97,73,75.26
2021-08-01,26,97,73,75.26
2021-08-01,27,97,67,69.07
2021-08-01,28,97,76,78.35
2021-08-01,29,97,87,89.69
2021-08-01,30,97,83,85.57
2021-08-01,31,97,77,79.38
2021-08-01,32,97,67,69.07
2021-08-01,33,97,85,87.63
2021-08-01,34,97,83,85.57
2021-08-01,35,97,79,81.44
2021-08-01,36,97,77,79.38
2021-08-01,37,97,72,74.23
2021-08-01,38,97,72,74.23
2021-08-01,39,97,69,71.13
2021-08-01,40,97,72,74.23
2021-08-01,41,97,90,92.78
2021-08-01,42,97,87,89.69
2021-08-01,43,97,88,90.72
2021-08-01,44,97,69,71.13
2021-08-01,45,97,87,89.69
2021-08-01,46,97,74,76.29
2021-08-01,47,97,79,81.44
2021-08-01,48,97,72,74.23
2021-08-01,49,97,71,73.20
2021-08-01,50,97,69,71.13
2021-09-01,0,86,50,58.14
2021-09-01,1,86,58,67.44
2021-09-01,2,86,60,69.77
2021-09-01,3,86,64,74.42
2021-09-01,4,86,76,88.37
2021-09-01,5,86,79,91.86
2021-09-01,6,86,60,69.77
2021-09-01,7,86,72,83.72
2021-09-01,8,86,71,82.56
2021-09-01,9,86,68,79.07
2021-09-01,10,86,77,89.53
2021-09-01,11,86,71,82.56
2021-09-01,12,86,60,69.77
2021-09-01,13,86,61,70.93
2021-09-01,14,86,64,74.42
2021-09-01,15,86,73,84.88
2021-09-01,16,86,78,90.70
2021-09-01,17,86,71,82.56
2021-09-01,18,86,66,76.74
2021-09-01,19,86,77,89.53
2021-09-01,20,86,72,83.72
2021-09-01,21,86,69,80.23
2021-09-01,22,86,66,76.74
2021-09-01,23,86,66,76.74
2021-09-01,24,86,48,55.81
2021-09-01,25,86,67,77.91
2021-09-01,26,86,60,69.77
2021-09-01,27,86,64,74.42
2021-09-01,28,86,77,89.53
2021-09-01,29,86,79,91.86
2021-09-01,30,86,74,86.05
2021-09-01,31,86,66,76.74
2021-09-01,32,86,77,89.53
2021-09-01,33,86,74,86.05
2021-09-01,34,86,64,74.42
2021-09-01,35,86,69,80.23
2021-09-01,36,86,53,61.63
2021-09-01,37,86,66,76.74
2021-09-01,38,86,66,76.74
2021-09-01,39,86,68,79.07
2021-09-01,40,86,78,90.70
2021-09-01,41,86,73,84.88
2021-09-01,42,86,80,93.02
2021-09-01,43,86,58,67.44
2021-09-01,44,86,71,82.56
2021-09-01,45,86,72,83.72
2021-09-01,46,86,78,90.70
2021-09-01,47,86,71,82.56
2021-09-01,48,86,65,75.58
2021-09-01,49,86,61,70.93
2021-10-01,0,85,68,80.00
2021-10-01,1,85,56,65.88
2021-10-01,2,85,67,78.82
2021-10-01,3,85,75,88.24
2021-10-01,4,85,74,87.06
2021-10-01,5,85,62,72.94
2021-10-01,6,85,68,80.00
2021-10-01,7,85,71,83.53
2021-10-01,8,85,68,80.00
2021-10-01,9,85,66,77.65
2021-10-01,10,85,71,83.53
2021-10-01,11,85,60,70.59
2021-10-01,12,85,64,75.29
2021-10-01,13,85,54,63.53
2021-10-01,14,85,67,78.82
2021-10-01,15,85,81,95.29
2021-10-01,16,85,76,89.41
2021-10-01,17,85,61,71.76
2021-10-01,18,85,71,83.53
2021-10-01,19,85,73,85.88
2021-10-01,20,85,74,87.06
2021-10-01,21,85,70,82.35
2021-10-01,22,85,62,72.94
2021-10-01,23,85,52,61.18
2021-10-01,24,85,60,70.59
2021-10-01,25,85,59,69.41
2021-10-01,26,85,69,81.18
2021-10-01,27,85,76,89.41
2021-10-01,28,85,73,85.88
2021-10-01,29,85,68,80.00
2021-10-01,30,85,67,78.82
2021-10-01,31,85,69,81.18
2021-10-01,32,85,73,85.88
2021-10-01,33,85,75,88.24
2021-10-01,34,85,69,81.18
2021-10-01,35,85,56,65.88
2021-10-01,36,85,67,78.82
2021-10-01,37,85,61,71.76
2021-10-01,38,85,72,84.71
2021-10-01,39,85,75,88.24
2021-10-01,40,85,75,88.24
2021-10-01,41,85,72,84.71
2021-10-01,42,85,64,75.29
2021-10-01,43,85,68,80.00
2021-10-01,44,85,70,82.35
2021-10-01,45,85,68,80.00
2021-10-01,46,85,74,87.06
2021-10-01,47,85,54,63.53
2021-10-01,48,85,59,69.41
2021-11-01,0,102,76,74.51
2021-11-01,1,102,80,78.43
2021-11-01,2,102,90,88.24
2021-11-01,3,102,92,90.20
2021-11-01,4,102,72,70.59
2021-11-01,5,102,86,84.31
2021-11-01,6,102,92,90.20
2021-11-01,7,102,80,78.43
2021-11-01,8,102,83,81.37
2021-11-01,9,102,87,85.29
2021-11-01,10,102,70,68.63
2021-11-01,11,102,76,74.51
2021-11-01,12,102,65,63.73
2021-11-01,13,102,87,85.29
2021-11-01,14,102,89,87.25
2021-11-01,15,102,81,79.41
2021-11-01,16,102,84,82.35
2021-11-01,17,102,82,80.39
2021-11-01,18,102,88,86.27
2021-11-01,19,102,88,86.27
2021-11-01,20,102,89,87.25
2021-11-01,21,102,83,81.37
2021-11-01,22,102,62,60.78
2021-11-01,23,102,75,73.53
2021-11-01,24,102,77,75.49
2021-11-01,25,102,86,84.31
2021-11-01,26,102,93,91.18
2021-11-01,27,102,85,83.33
2021-11-01,28,102,80,78.43
2021-11-01,29,102,82,80.39
2021-11-01,30,102,83,81.37
2021-11-01,31,102,85,83.33
2021-11-01,32,102,87,85.29
2021-11-01,33,102,81,79.41
2021-11-01,34,102,56,54.90
2021-11-01,35,102,85,83.33
2021-11-01,36,102,74,72.55
2021-11-01,37,102,80,78.43
2021-11-01,38,102,92,90.20
2021-11-01,39,102,82,80.39
2021-11-01,40,102,88,86.27
2021-11-01,41,102,81,79.41
2021-11-01,42,102,80,78.43
2021-11-01,43,102,84,82.35
2021-11-01,44,102,77,75.49
2021-11-01,45,102,84,82.35
2021-11-01,46,102,73,71.57
2021-11-01,47,102,71,69.61
2021-12-01,0,87,68,78.16
2021-12-01,1,87,77,88.51
2021-12-01,2,87,76,87.36
2021-12-01,3,87,56,64.37
2021-12-01,4,87,74,85.06
2021-12-01,5,87,71,81.61
2021-12-01,6,87,67,77.01
2021-12-01,7,87,70,80.46
2021-12-01,8,87,72,82.76
2021-12-01,9,87,70,80.46
2021-12-01,10,87,67,77.01
2021-12-01,11,87,67,77.01
2021-12-01,12,87,79,90.80
2021-12-01,13,87,80,91.95
2021-12-01,14,87,80,91.95
2021-12-01,15,87,57,65.52
2021-12-01,16,87,75,86.21
2021-12-01,17,87,67,77.01
2021-12-01,18,87,69,79.31
2021-12-01,19,87,70,80.46
2021-12-01,20,87,78,89.66
2021-12-01,21,87,51,58.62
2021-12-01,22,87,63,72.41
2021-12-01,23,87,59,67.82
2021-12-01,24,87,68,78.16
2021-12-01,25,87,81,93.10
2021-12-01,26,87,72,82.76
2021-12-01,27,87,66,75.86
2021-12-01,28,87,64,73.56
2021-12-01,29,87,71,81.61
2021-12-01,30,87,74,85.06
2021-12-01,31,87,72,82.76
2021-12-01,32,87,73,83.91
2021-12-01,33,87,63,72.41
2021-12-01,34,87,56,64.37
2021-12-01,35,87,63,72.41
2021-12-01,36,87,67,77.01
2021-12-01,37,87,77,88.51
2021-12-01,38,87,77,88.51
2021-12-01,39,87,79,90.80
2021-12-01,40,87,55,63.22
2021-12-01,41,87,73,83.91
2021-12-01,42,87,77,88.51
2021-12-01,43,87,66,75.86
2021-12-01,44,87,70,80.46
2021-12-01,45,87,51,58.62
2021-12-01,46,87,63,72.41
2022-01-01,0,84,70,83.33
2022-01-01,1,84,69,82.14
2022-01-01,2,84,56,66.67
2022-01-01,3,84,73,86.90
2022-01-01,4,84,70,83.33
2022-01-01,5,84,67,79.76
2022-01-01,6,84,68,80.95
2022-01-01,7,84,72,85.71
2022-01-01,8,84,60,71.43
2022-01-01,9,84,65,77.38
2022-01-01,10,84,64,76.19
2022-01-01,11,84,74,88.10
2022-01-01,12,84,76,90.48
2022-01-01,13,84,75,89.29
2022-01-01,14,84,62,73.81
2022-01-01,15,84,69,82.14
2022-01-01,16,84,71,84.52
2022-01-01,17,84,61,72.62
2022-01-01,18,84,70,83.33
2022-01-01,19,84,63,75.00
2022-01-01,20,84,54,64.29
2022-01-01,21,84,65,77.38
2022-01-01,22,84,56,66.67
2022-01-01,23,84,72,85.71
2022-01-01,24,84,71,84.52
2022-01-01,25,84,71,84.52
2022-01-01,26,84,59,70.24
2022-01-01,27,84,64,76.19
2022-01-01,28,84,76,90.48
2022-01-01,29,84,67,79.76
2022-01-01,30,84,68,80.95
2022-01-01,31,84,69,82.14
2022-01-01,32,84,56,66.67
2022-01-01,33,84,67,79.76
2022-01-01,34,84,62,73.81
2022-01-01,35,84,69,82.14
2022-01-01,36,84,79,94.05
2022-01-01,37,84,70,83.33
2022-01-01,38,84,73,86.90
2022-01-01,39,84,59,70.24
2022-01-01,40,84,69,82.14
2022-01-01,41,84,79,94.05
2022-01-01,42,84,73,86.90
2022-01-01,43,84,67,79.76
2022-01-01,44,84,52,61.90
2022-01-01,45,84,65,77.38
2022-02-01,0,82,67,81.71
2022-02-01,1,82,53,64.63
2022-02-01,2,82,71,86.59
2022-02-01,3,82,75,91.46
2022-02-01,4,82,65,79.27
2022-02-01,5,82,68,82.93
2022-02-01,6,82,68,82.93
2022-02-01,7,82,62,75.61
2022-02-01,8,82,61,74.39
2022-02-01,9,82,58,70.73
2022-02-01,10,82,68,82.93
2022-02-01,11,82,75,91.46
2022-02-01,12,82,77,93.90
2022-02-01,13,82,60,73.17
2022-02-01,14,82,70,85.37
2022-02-01,15,82,74,90.24
2022-02-01,16,82,71,86.59
2022-02-01,17,82,62,75.61
2022-02-01,18,82,66,80.49
2022-02-01,19,82,56,68.29
2022-02-01,20,82,60,73.17
2022-02-01,21,82,55,67.07
2022-02-01,22,82,64,78.05
2022-02-01,23,82,74,90.24
2022-02-01,24,82,75,91.46
2022-02-01,25,82,71,86.59
2022-02-01,26,82,65,79.27
2022-02-01,27,82,75,91.46
2022-02-01,28,82,66,80.49
2022-02-01,29,82,61,74.39
2022-02-01,30,82,66,80.49
2022-02-01,31,82,53,64.63
2022-02-01,32,82,58,70.73
2022-02-01,33,82,63,76.83
2022-02-01,34,82,64,78.05
2022-02-01,35,82,74,90.24
2022-02-01,36,82,70,85.37
2022-02-01,37,82,75,91.46
2022-02-01,38,82,53,64.63
2022-02-01,39,82,70,85.37
2022-02-01,40,82,70,85.37
2022-02-01,41,82,61,74.39
2022-02-01,42,82,67,81.71
2022-02-01,43,82,56,68.29
2022-02-01,44,82,64,78.05
2022-03-01,0,91,64,70.33
2022-03-01,1,91,80,87.91
2022-03-01,2,91,76,83.52
2022-03-01,3,91,71,78.02
2022-03-01,4,91,75,82.42
2022-03-01,5,91,75,82.42
2022-03-01,6,91,69,75.82
2022-03-01,7,91,63,69.23
2022-03-01,8,91,68,74.73
2022-03-01,9,91,76,83.52
2022-03-01,10,91,81,89.01
2022-03-01,11,91,80,87.91
2022-03-01,12,91,73,80.22
2022-03-01,13,91,73,80.22
2022-03-01,14,91,76,83.52
2022-03-01,15,91,66,72.53
2022-03-01,16,91,75,82.42
2022-03-01,17,91,71,78.02
2022-03-01,18,91,67,73.63
2022-03-01,19,91,67,73.63
2022-03-01,20,91,58,63.74
2022-03-01,21,91,79,86.81
2022-03-01,22,91,80,87.91
2022-03-01,23,91,79,86.81
2022-03-01,24,91,67,73.63
2022-03-01,25,91,82,90.11
2022-03-01,26,91,79,86.81
2022-03-01,27,91,69,75.82
2022-03-01,28,91,78,85.71
2022-03-01,29,91,77,84.62
2022-03-01,30,91,65,71.43
2022-03-01,31,91,72,79.12
2022-03-01,32,91,61,67.03
2022-03-01,33,91,73,80.22
2022-03-01,34,91,86,94.51
2022-03-01,35,91,77,84.62
2022-03-01,36,91,79,86.81
2022-03-01,37,91,66,72.53
2022-03-01,38,91,77,84.62
2022-03-01,39,91,74,81.32
2022-03-01,40,91,70,76.92
2022-03-01,41,91,77,84.62
2022-03-01,42,91,59,64.84
2022-03-01,43,91,64,70.33
2022-04-01,0,74,63,85.14
2022-04-01,1,74,60,81.08
2022-04-01,2,74,58,78.38
2022-04-01,3,74,52,70.27
2022-04-01,4,74,60,81.08
2022-04-01,5,74,51,68.92
2022-04-01,6,74,52,70.27
2022-04-01,7,74,53,71.62
2022-04-01,8,74,61,82.43
2022-04-01,9,74,67,90.54
2022-04-01,10,74,60,81.08
2022-04-01,11,74,59,79.73
2022-04-01,12,74,64,86.49
2022-04-01,13,74,61,82.43
2022-04-01,14,74,58,78.38
2022-04-01,15,74,56,75.68
2022-04-01,16,74,57,77.03
2022-04-01,17,74,47,63.51
2022-04-01,18,74,55,74.32
2022-04-01,19,74,55,74.32
2022-04-01,20,74,58,78.38
2022-04-01,21,74,71,95.95
2022-04-01,22,74,64,86.49
2022-04-01,23,74,63,85.14
2022-04-01,24,74,61,82.43
2022-04-01,25,74,59,79.73
2022-04-01,26,74,52,70.27
2022-04-01,27,74,58,78.38
2022-04-01,28,74,62,83.78
2022-04-01,29,74,52,70.27
2022-04-01,30,74,54,72.97
2022-04-01,31,74,49,66.22
2022-04-01,32,74,55,74.32
2022-04-01,33,74,68,91.89
2022-04-01,34,74,62,83.78
2022-04-01,35,74,62,83.78
2022-04-01,36,74,54,72.97
2022-04-01,37,74,59,79.73
2022-04-01,38,74,59,79.73
2022-04-01,39,74,59,79.73
2022-04-01,40,74,66,89.19
2022-04-01,41,74,49,66.22
2022-04-01,42,74,51,68.92
2022-05-01,0,86,73,84.88
2022-05-01,1,86,64,74.42
2022-05-01,2,86,71,82.56
2022-05-01,3,86,71,82.56
2022-05-01,4,86,63,73.26
2022-05-01,5,86,61,70.93
2022-05-01,6,86,61,70.93
2022-05-01,7,86,70,81.40
2022-05-01,8,86,76,88.37
2022-05-01,9,86,71,82.56
2022-05-01,10,86,65,75.58
2022-05-01,11,86,73,84.88
2022-05-01,12,86,67,77.91
2022-05-01,13,86,68,79.07
2022-05-01,14,86,63,73.26
2022-05-01,15,86,64,74.42
2022-05-01,16,86,56,65.12
2022-05-01,17,86,59,68.60
2022-05-01,18,86,65,75.58
2022-05-01,19,86,71,82.56
2022-05-01,20,86,77,89.53
2022-05-01,21,86,71,82.56
2022-05-01,22,86,69,80.23
2022-05-01,23,86,69,80.23
2022-05-01,24,86,76,88.37
2022-05-01,25,86,69,80.23
2022-05-01,26,86,67,77.91
2022-05-01,27,86,76,88.37
2022-05-01,28,86,64,74.42
2022-05-01,29,86,69,80.23
2022-05-01,30,86,61,70.93
2022-05-01,31,86,76,88.37
2022-05-01,32,86,79,91.86
2022-05-01,33,86,74,86.05
2022-05-01,34,86,73,84.88
2022-05-01,35,86,49,56.98
2022-05-01,36,86,68,79.07
2022-05-01,37,86,75,87.21
2022-05-01,38,86,67,77.91
2022-05-01,39,86,65,75.58
2022-05-01,40,86,54,62.79
2022-05-01,41,86,60,69.77
2022-06-01,0,99,83,83.84
2022-06-01,1,99,88,88.89
2022-06-01,2,99,85,85.86
2022-06-01,3,99,69,69.70
2022-06-01,4,99,72,72.73
2022-06-01,5,99,70,70.71
2022-06-01,6,99,85,85.86
2022-06-01,7,99,84,84.85
2022-06-01,8,99,91,91.92
2022-06-01,9,99,70,70.71
2022-06-01,10,99,84,84.85
2022-06-01,11,99,83,83.84
2022-06-01,12,99,77,77.78
2022-06-01,13,99,83,83.84
2022-06-01,14,99,75,75.76
2022-06-01,15,99,69,69.70
2022-06-01,16,99,73,73.74
2022-06-01,17,99,62,62.63
2022-06-01,18,99,87,87.88
2022-06-01,19,99,91,91.92
2022-06-01,20,99,82,82.83
2022-06-01,21,99,84,84.85
2022-06-01,22,99,79,79.80
2022-06-01,23,99,80,80.81
2022-06-01,24,99,80,80.81
2022-06-01,25,99,79,79.80
2022-06-01,26,99,80,80.81
2022-06-01,27,99,64,64.65
2022-06-01,28,99,77,77.78
2022-06-01,29,99,75,75.76
2022-06-01,30,99,75,75.76
2022-06-01,31,99,88,88.89
2022-06-01,32,99,87,87.88
2022-06-01,33,99,84,84.85
2022-06-01,34,99,70,70.71
2022-06-01,35,99,82,82.83
2022-06-01,36,99,84,84.85
2022-06-01,37,99,81,81.82
2022-06-01,38,99,83,83.84
2022-06-01,39,99,75,75.76
2022-06-01,40,99,75,75.76
2022-07-01,0,106,85,80.19
2022-07-01,1,106,84,79.25
2022-07-01,2,106,72,67.92
2022-07-01,3,106,84,79.25
2022-07-01,4,106,77,72.64
2022-07-01,5,106,85,80.19
2022-07-01,6,106,93,87.74
2022-07-01,7,106,93,87.74
2022-07-01,8,106,84,79.25
2022-07-01,9,106,91,85.85
2022-07-01,10,106,78,73.58
2022-07-01,11,106,87,82.08
2022-07-01,12,106,87,82.08
2022-07-01,13,106,85,80.19
2022-07-01,14,106,72,67.92
2022-07-01,15,106,85,80.19
2022-07-01,16,106,74,69.81
2022-07-01,17,106,91,85.85
2022-07-01,18,106,95,89.62
2022-07-01,19,106,88,83.02
2022-07-01,20,106,83,78.30
2022-07-01,21,106,84,79.25
2022-07-01,22,106,87,82.08
2022-07-01,23,106,88,83.02
2022-07-01,24,106,85,80.19
2022-07-01,25,106,79,74.53
2022-07-01,26,106,79,74.53
2022-07-01,27,106,78,73.58
2022-07-01,28,106,72,67.92
2022-07-01,29,106,88,83.02
2022-07-01,30,106,94,88.68
2022-07-01,31,106,87,82.08
2022-07-01,32,106,89,83.96
2022-07-01,33,106,76,71.70
2022-07-01,34,106,94,88.68
2022-07-01,35,106,85,80.19
2022-07-01,36,106,84,79.25
2022-07-01,37,106,89,83.96
2022-07-01,38,106,77,72.64
2022-07-01,39,106,79,74.53
2022-08-01,0,70,57,81.43
2022-08-01,1,70,42,60.00
2022-08-01,2,70,51,72.86
2022-08-01,3,70,49,70.00
2022-08-01,4,70,57,81.43
2022-08-01,5,70,63,90.00
2022-08-01,6,70,60,85.71
2022-08-01,7,70,55,78.57
2022-08-01,8,70,57,81.43
2022-08-01,9,70,55,78.57
2022-08-01,10,70,64,91.43
2022-08-01,11,70,60,85.71
2022-08-01,12,70,53,75.71
2022-08-01,13,70,47,67.14
2022-08-01,14,70,51,72.86
2022-08-01,15,70,50,71.43
2022-08-01,16,70,61,87.14
2022-08-01,17,70,63,90.00
2022-08-01,18,70,58,82.86
2022-08-01,19,70,61,87.14
2022-08-01,20,70,52,74.29
2022-08-01,21,70,63,90.00
2022-08-01,22,70,52,74.29
2022-08-01,23,70,57,81.43
2022-08-01,24,70,60,85.71
2022-08-01,25,70,44,62.86
2022-08-01,26,70,49,70.00
2022-08-01,27,70,51,72.86
2022-08-01,28,70,52,74.29
2022-08-01,29,70,66,94.29
2022-08-01,30,70,64,91.43
2022-08-01,31,70,56,80.00
2022-08-01,32,70,48,68.57
2022-08-01,33,70,59,84.29
2022-08-01,34,70,58,82.86
2022-08-01,35,70,49,70.00
2022-08-01,36,70,60,85.71
2022-08-01,37,70,48,68.57
2022-08-01,38,70,55,78.57
2022-09-01,0,76,56,73.68
2022-09-01,1,76,50,65.79
2022-09-01,2,76,58,76.32
2022-09-01,3,76,64,84.21
2022-09-01,4,76,63,82.89
2022-09-01,5,76,63,82.89
2022-09-01,6,76,53,69.74
2022-09-01,7,76,65,85.53
2022-09-01,8,76,62,81.58
2022-09-01,9,76,63,82.89
2022-09-01,10,76,57,75.00
2022-09-01,11,76,63,82.89
2022-09-01,12,76,43,56.58
2022-09-01,13,76,52,68.42
2022-09-01,14,76,62,81.58
2022-09-01,15,76,63,82.89
2022-09-01,16,76,71,93.42
2022-09-01,17,76,64,84.21
2022-09-01,18,76,62,81.58
2022-09-01,19,76,58,76.32
2022-09-01,20,76,60,78.95
2022-09-01,21,76,69,90.79
2022-09-01,22,76,64,84.21
2022-09-01,23,76,65,85.53
2022-09-01,24,76,58,76.32
2022-09-01,25,76,59,77.63
2022-09-01,26,76,54,71.05
2022-09-01,27,76,63,82.89
2022-09-01,28,76,67,88.16
2022-09-01,29,76,63,82.89
2022-09-01,30,76,70,92.11
2022-09-01,31,76,54,71.05
2022-09-01,32,76,66,86.84
2022-09-01,33,76,67,88.16
2022-09-01,34,76,54,71.05
2022-09-01,35,76,65,85.53
2022-09-01,36,76,57,75.00
2022-09-01,37,76,54,71.05
2022-10-01,0,89,69,77.53
2022-10-01,1,89,64,71.91
2022-10-01,2,89,74,83.15
2022-10-01,3,89,83,93.26
2022-10-01,4,89,74,83.15
2022-10-01,5,89,70,78.65
2022-10-01,6,89,66,74.16
2022-10-01,7,89,70,78.65
2022-10-01,8,89,74,83.15
2022-10-01,9,89,71,79.78
2022-10-01,10,89,70,78.65
2022-10-01,11,89,67,75.28
2022-10-01,12,89,60,67.42
2022-10-01,13,89,68,76.40
2022-10-01,14,89,71,79.78
2022-10-01,15,89,79,88.76
2022-10-01,16,89,77,86.52
2022-10-01,17,89,74,83.15
2022-10-01,18,89,72,80.90
2022-10-01,19,89,72,80.90
2022-10-01,20,89,72,80.90
2022-10-01,21,89,68,76.40
2022-10-01,22,89,75,84.27
2022-10-01,23,89,61,68.54
2022-10-01,24,89,70,78.65
2022-10-01,25,89,52,58.43
2022-10-01,26,89,70,78.65
2022-10-01,27,89,77,86.52
2022-10-01,28,89,75,84.27
2022-10-01,29,89,77,86.52
2022-10-01,30,89,58,65.17
2022-10-01,31,89,80,89.89
2022-10-01,32,89,75,84.27
2022-10-01,33,89,71,79.78
2022-10-01,34,89,72,80.90
2022-10-01,35,89,69,77.53
2022-10-01,36,89,75,84.27
2022-11-01,0,74,54,72.97
2022-11-01,1,74,57,77.03
2022-11-01,2,74,65,87.84
2022-11-01,3,74,64,86.49
2022-11-01,4,74,60,81.08
2022-11-01,5,74,59,79.73
2022-11-01,6,74,58,78.38
2022-11-01,7,74,62,83.78
2022-11-01,8,74,64,86.49
2022-11-01,9,74,58,78.38
2022-11-01,10,74,50,67.57
2022-11-01,11,74,55,74.32
2022-11-01,12,74,53,71.62
2022-11-01,13,74,61,82.43
2022-11-01,14,74,63,85.14
2022-11-01,15,74,67,90.54
2022-11-01,16,74,57,77.03
2022-11-01,17,74,51,68.92
2022-11-01,18,74,59,79.73
2022-11-01,19,74,69,93.24
2022-11-01,20,74,58,78.38
2022-11-01,21,74,61,82.43
2022-11-01,22,74,54,72.97
2022-11-01,23,74,54,72.97
2022-11-01,24,74,56,75.68
2022-11-01,25,74,62,83.78
2022-11-01,26,74,68,91.89
2022-11-01,27,74,66,89.19
2022-11-01,28,74,67,90.54
2022-11-01,29,74,54,72.97
2022-11-01,30,74,63,85.14
2022-11-01,31,74,67,90.54
2022-11-01,32,74,56,75.68
2022-11-01,33,74,63,85.14
2022-11-01,34,74,56,75.68
2022-11-01,35,74,54,72.97
2022-12-01,0,78,63,80.77
2022-12-01,1,78,70,89.74
2022-12-01,2,78,67,85.90
2022-12-01,3,78,56,71.79
2022-12-01,4,78,63,80.77
2022-12-01,5,78,67,85.90
2022-12-01,6,78,67,85.90
2022-12-01,7,78,60,76.92
2022-12-01,8,78,63,80.77
2022-12-01,9,78,47,60.26
2022-12-01,10,78,55,70.51
2022-12-01,11,78,47,60.26
2022-12-01,12,78,65,83.33
2022-12-01,13,78,66,84.62
2022-12-01,14,78,64,82.05
2022-12-01,15,78,61,78.21
2022-12-01,16,78,61,78.21
2022-12-01,17,78,67,85.90
2022-12-01,18,78,66,84.62
2022-12-01,19,78,57,73.08
2022-12-01,20,78,68,87.18
2022-12-01,21,78,55,70.51
2022-12-01,22,78,56,71.79
2022-12-01,23,78,56,71.79
2022-12-01,24,78,62,79.49
2022-12-01,25,78,70,89.74
2022-12-01,26,78,69,88.46
2022-12-01,27,78,63,80.77
2022-12-01,28,78,58,74.36
2022-12-01,29,78,63,80.77
2022-12-01,30,78,62,79.49
2022-12-01,31,78,64,82.05
2022-12-01,32,78,65,83.33
2022-12-01,33,78,60,76.92
2022-12-01,34,78,58,74.36
2023-01-01,0,89,81,91.01
2023-01-01,1,89,77,86.52
2023-01-01,2,89,67,75.28
2023-01-01,3,89,75,84.27
2023-01-01,4,89,77,86.52
2023-01-01,5,89,75,84.27
2023-01-01,6,89,74,83.15
2023-01-01,7,89,74,83.15
2023-01-01,8,89,59,66.29
2023-01-01,9,89,67,75.28
2023-01-01,10,89,56,62.92
2023-01-01,11,89,64,71.91
2023-01-01,12,89,78,87.64
2023-01-01,13,89,77,86.52
2023-01-01,14,89,70,78.65
2023-01-01,15,89,66,74.16
2023-01-01,16,89,69,77.53
2023-01-01,17,89,75,84.27
2023-01-01,18,89,71,79.78
2023-01-01,19,89,72,80.90
2023-01-01,20,89,63,70.79
2023-01-01,21,89,56,62.92
2023-01-01,22,89,61,68.54
2023-01-01,23,89,72,80.90
2023-01-01,24,89,86,96.63
2023-01-01,25,89,81,91.01
2023-01-01,26,89,76,85.39
2023-01-01,27,89,70,78.65
2023-01-01,28,89,82,92.13
2023-01-01,29,89,79,88.76
2023-01-01,30,89,70,78.65
2023-01-01,31,89,65,73.03
2023-01-01,32,89,67,75.28
2023-01-01,33,89,66,74.16
2023-02-01,0,50,42,84.00
2023-02-01,1,50,39,78.00
2023-02-01,2,50,39,78.00
2023-02-01,3,50,43,86.00
2023-02-01,4,50,37,74.00
2023-02-01,5,50,40,80.00
2023-02-01,6,50,35,70.00
2023-02-01,7,50,42,84.00
2023-02-01,8,50,36,72.00
2023-02-01,9,50,39,78.00
2023-02-01,10,50,41,82.00
2023-02-01,11,50,48,96.00
2023-02-01,12,50,41,82.00
2023-02-01,13,50,35,70.00
2023-02-01,14,50,39,78.00
2023-02-01,15,50,43,86.00
2023-02-01,16,50,42,84.00
2023-02-01,17,50,46,92.00
2023-02-01,18,50,45,90.00
2023-02-01,19,50,37,74.00
2023-02-01,20,50,33,66.00
2023-02-01,21,50,41,82.00
2023-02-01,22,50,44,88.00
2023-02-01,23,50,47,94.00
2023-02-01,24,50,44,88.00
2023-02-01,25,50,42,84.00
2023-02-01,26,50,33,66.00
2023-02-01,27,50,42,84.00
2023-02-01,28,50,41,82.00
2023-02-01,29,50,40,80.00
2023-02-01,30,50,41,82.00
2023-02-01,31,50,27,54.00
2023-02-01,32,50,30,60.00
2023-03-01,0,93,69,74.19
2023-03-01,1,93,79,84.95
2023-03-01,2,93,79,84.95
2023-03-01,3,93,79,84.95
2023-03-01,4,93,77,82.80
2023-03-01,5,93,78,83.87
2023-03-01,6,93,69,74.19
2023-03-01,7,93,73,78.49
2023-03-01,8,93,67,72.04
2023-03-01,9,93,76,81.72
2023-03-01,10,93,79,84.95
2023-03-01,11,93,85,91.40
2023-03-01,12,93,79,84.95
2023-03-01,13,93,72,77.42
2023-03-01,14,93,82,88.17
2023-03-01,15,93,75,80.65
2023-03-01,16,93,74,79.57
2023-03-01,17,93,76,81.72
2023-03-01,18,93,64,68.82
2023-03-01,19,93,66,70.97
2023-03-01,20,93,76,81.72
2023-03-01,21,93,67,72.04
2023-03-01,22,93,85,91.40
2023-03-01,23,93,79,84.95
2023-03-01,24,93,84,90.32
2023-03-01,25,93,63,67.74
2023-03-01,26,93,83,89.25
2023-03-01,27,93,79,84.95
2023-03-01,28,93,73,78.49
2023-03-01,29,93,73,78.49
2023-03-01,30,93,62,66.67
2023-03-01,31,93,66,70.97
2023-04-01,0,87,64,73.56
2023-04-01,1,87,73,83.91
2023-04-01,2,87,74,85.06
2023-04-01,3,87,69,79.31
2023-04-01,4,87,64,73.56
2023-04-01,5,87,63,72.41
2023-04-01,6,87,65,74.71
2023-04-01,7,87,55,63.22
2023-04-01,8,87,70,80.46
2023-04-01,9,87,81,93.10
2023-04-01,10,87,78,89.66
2023-04-01,11,87,68,78.16
2023-04-01,12,87,73,83.91
2023-04-01,13,87,68,78.16
2023-04-01,14,87,72,82.76
2023-04-01,15,87,68,78.16
2023-04-01,16,87,73,83.91
2023-04-01,17,87,65,74.71
2023-04-01,18,87,61,70.11
2023-04-01,19,87,62,71.26
2023-04-01,20,87,69,79.31
2023-04-01,21,87,75,86.21
2023-04-01,22,87,69,79.31
2023-04-01,23,87,76,87.36
2023-04-01,24,87,62,71.26
2023-04-01,25,87,74,85.06
2023-04-01,26,87,79,90.80
2023-04-01,27,87,66,75.86
2023-04-01,28,87,75,86.21
2023-04-01,29,87,61,70.11
2023-04-01,30,87,59,67.82
2023-05-01,0,77,65,84.42
2023-05-01,1,77,67,87.01
2023-05-01,2,77,60,77.92
2023-05-01,3,77,60,77.92
2023-05-01,4,77,52,67.53
2023-05-01,5,77,58,75.32
2023-05-01,6,77,57,74.03
2023-05-01,7,77,58,75.32
2023-05-01,8,77,71,92.21
2023-05-01,9,77,66,85.71
2023-05-01,10,77,65,84.42
2023-05-01,11,77,66,85.71
2023-05-01,12,77,65,84.42
2023-05-01,13,77,68,88.31
2023-05-01,14,77,59,76.62
2023-05-01,15,77,62,80.52
2023-05-01,16,77,56,72.73
2023-05-01,17,77,55,71.43
2023-05-01,18,77,60,77.92
2023-05-01,19,77,64,83.12
2023-05-01,20,77,68,88.31
2023-05-01,21,77,64,83.12
2023-05-01,22,77,65,84.42
2023-05-01,23,77,51,66.23
2023-05-01,24,77,63,81.82
2023-05-01,25,77,70,90.91
2023-05-01,26,77,60,77.92
2023-05-01,27,77,60,77.92
2023-05-01,28,77,57,74.03
2023-05-01,29,77,59,76.62
2023-06-01,0,110,92,83.64
2023-06-01,1,110,92,83.64
2023-06-01,2,110,94,85.45
2023-06-01,3,110,77,70.00
2023-06-01,4,110,74,67.27
2023-06-01,5,110,66,60.00
2023-06-01,6,110,94,85.45
2023-06-01,7,110,99,90.00
2023-06-01,8,110,94,85.45
2023-06-01,9,110,89,80.91
2023-06-01,10,110,91,82.73
2023-06-01,11,110,93,84.55
2023-06-01,12,110,91,82.73
2023-06-01,13,110,87,79.09
2023-06-01,14,110,89,80.91
2023-06-01,15,110,80,72.73
2023-06-01,16,110,74,67.27
2023-06-01,17,110,83,75.45
2023-06-01,18,110,86,78.18
2023-06-01,19,110,100,90.91
2023-06-01,20,110,93,84.55
2023-06-01,21,110,96,87.27
2023-06-01,22,110,74,67.27
2023-06-01,23,110,89,80.91
2023-06-01,24,110,90,81.82
2023-06-01,25,110,93,84.55
2023-06-01,26,110,83,75.45
2023-06-01,27,110,73,66.36
2023-06-01,28,110,85,77.27
2023-07-01,0,90,70,77.78
2023-07-01,1,90,72,80.00
2023-07-01,2,90,61,67.78
2023-07-01,3,90,65,72.22
2023-07-01,4,90,61,67.78
2023-07-01,5,90,72,80.00
2023-07-01,6,90,85,94.44
2023-07-01,7,90,78,86.67
2023-07-01,8,90,67,74.44
2023-07-01,9,90,74,82.22
2023-07-01,10,90,75,83.33
2023-07-01,11,90,75,83.33
2023-07-01,12,90,71,78.89
2023-07-01,13,90,75,83.33
2023-07-01,14,90,60,66.67
2023-07-01,15,90,68,75.56
2023-07-01,16,90,73,81.11
2023-07-01,17,90,74,82.22
2023-07-01,18,90,84,93.33
2023-07-01,19,90,71,78.89
2023-07-01,20,90,75,83.33
2023-07-01,21,90,60,66.67
2023-07-01,22,90,72,80.00
2023-07-01,23,90,81,90.00
2023-07-01,24,90,73,81.11
2023-07-01,25,90,77,85.56
2023-07-01,26,90,67,74.44
2023-07-01,27,90,64,71.11
2023-08-01,0,91,76,83.52
2023-08-01,1,91,67,73.63
2023-08-01,2,91,65,71.43
2023-08-01,3,91,64,70.33
2023-08-01,4,91,78,85.71
2023-08-01,5,91,87,95.60
2023-08-01,6,91,74,81.32
2023-08-01,7,91,75,82.42
2023-08-01,8,91,69,75.82
2023-08-01,9,91,72,79.12
2023-08-01,10,91,80,87.91
2023-08-01,11,91,80,87.91
2023-08-01,12,91,76,83.52
2023-08-01,13,91,71,78.02
2023-08-01,14,91,64,70.33
2023-08-01,15,91,57,62.64
2023-08-01,16,91,69,75.82
2023-08-01,17,91,86,94.51
2023-08-01,18,91,78,85.71
2023-08-01,19,91,79,86.81
2023-08-01,20,91,62,68.13
2023-08-01,21,91,78,85.71
2023-08-01,22,91,76,83.52
2023-08-01,23,91,74,81.32
2023-08-01,24,91,74,81.32
2023-08-01,25,91,69,75.82
2023-08-01,26,91,63,69.23
2023-09-01,0,89,64,71.91
2023-09-01,1,89,63,70.79
2023-09-01,2,89,62,69.66
2023-09-01,3,89,73,82.02
2023-09-01,4,89,79,88.76
2023-09-01,5,89,78,87.64
2023-09-01,6,89,74,83.15
2023-09-01,7,89,74,83.15
2023-09-01,8,89,75,84.27
2023-09-01,9,89,68,76.40
2023-09-01,10,89,74,83.15
2023-09-01,11,89,72,80.90
2023-09-01,12,89,56,62.92
2023-09-01,13,89,63,70.79
2023-09-01,14,89,62,69.66
2023-09-01,15,89,67,75.28
2023-09-01,16,89,79,88.76
2023-09-01,17,89,75,84.27
2023-09-01,18,89,79,88.76
2023-09-01,19,89,60,67.42
2023-09-01,20,89,76,85.39
2023-09-01,21,89,71,79.78
2023-09-01,22,89,71,79.78
2023-09-01,23,89,72,80.90
2023-09-01,24,89,65,73.03
2023-09-01,25,89,63,70.79
2023-10-01,0,92,70,76.09
2023-10-01,1,92,66,71.74
2023-10-01,2,92,75,81.52
2023-10-01,3,92,81,88.04
2023-10-01,4,92,82,89.13
2023-10-01,5,92,77,83.70
2023-10-01,6,92,68,73.91
2023-10-01,7,92,84,91.30
2023-10-01,8,92,79,85.87
2023-10-01,9,92,77,83.70
2023-10-01,10,92,71,77.17
2023-10-01,11,92,65,70.65
2023-10-01,12,92,69,75.00
2023-10-01,13,92,70,76.09
2023-10-01,14,92,80,86.96
2023-10-01,15,92,83,90.22
2023-10-01,16,92,79,85.87
2023-10-01,17,92,80,86.96
2023-10-01,18,92,63,68.48
2023-10-01,19,92,83,90.22
2023-10-01,20,92,79,85.87
2023-10-01,21,92,74,80.43
2023-10-01,22,92,75,81.52
2023-10-01,23,92,57,61.96
2023-10-01,24,92,68,73.91
2023-11-01,0,88,72,81.82
2023-11-01,1,88,74,84.09
2023-11-01,2,88,80,90.91
2023-11-01,3,88,73,82.95
2023-11-01,4,88,68,77.27
2023-11-01,5,88,72,81.82
2023-11-01,6,88,77,87.50
2023-11-01,7,88,77,87.50
2023-11-01,8,88,74,84.09
2023-11-01,9,88,73,82.95
2023-11-01,10,88,55,62.50
2023-11-01,11,88,71,80.68
2023-11-01,12,88,59,67.05
2023-11-01,13,88,74,84.09
2023-11-01,14,88,78,88.64
2023-11-01,15,88,77,87.50
2023-11-01,16,88,72,81.82
2023-11-01,17,88,69,78.41
2023-11-01,18,88,74,84.09
2023-11-01,19,88,73,82.95
2023-11-01,20,88,72,81.82
2023-11-01,21,88,73,82.95
2023-11-01,22,88,61,69.32
2023-11-01,23,88,60,68.18
2023-12-01,0,96,77,80.21
2023-12-01,1,96,86,89.58
2023-12-01,2,96,86,89.58
2023-12-01,3,96,83,86.46
2023-12-01,4,96,78,81.25
2023-12-01,5,96,83,86.46
2023-12-01,6,96,79,82.29
2023-12-01,7,96,83,86.46
2023-12-01,8,96,72,75.00
2023-12-01,9,96,62,64.58
2023-12-01,10,96,70,72.92
2023-12-01,11,96,61,63.54
2023-12-01,12,96,75,78.13
2023-12-01,13,96,89,92.71
2023-12-01,14,96,81,84.38
2023-12-01,15,96,88,91.67
2023-12-01,16,96,64,66.67
2023-12-01,17,96,88,91.67
2023-12-01,18,96,78,81.25
2023-12-01,19,96,81,84.38
2023-12-01,20,96,78,81.25
2023-12-01,21,96,69,71.88
2023-12-01,22,96,72,75.00
2024-01-01,0,97,91,93.81
2024-01-01,1,97,82,84.54
2024-01-01,2,97,81,83.51
2024-01-01,3,97,71,73.20
2024-01-01,4,97,81,83.51
2024-01-01,5,97,83,85.57
2024-01-01,6,97,83,85.57
2024-01-01,7,97,78,80.41
2024-01-01,8,97,64,65.98
2024-01-01,9,97,75,77.32
2024-01-01,10,97,65,67.01
2024-01-01,11,97,71,73.20
2024-01-01,12,97,88,90.72
2024-01-01,13,97,84,86.60
2024-01-01,14,97,86,88.66
2024-01-01,15,97,64,65.98
2024-01-01,16,97,82,84.54
2024-01-01,17,97,85,87.63
2024-01-01,18,97,75,77.32
2024-01-01,19,97,76,78.35
2024-01-01,20,97,67,69.07
2024-01-01,21,97,69,71.13
2024-02-01,0,79,66,83.54
2024-02-01,1,79,58,73.42
2024-02-01,2,79,65,82.28
2024-02-01,3,79,71,89.87
2024-02-01,4,79,67,84.81
2024-02-01,5,79,65,82.28
2024-02-01,6,79,66,83.54
2024-02-01,7,79,54,68.35
2024-02-01,8,79,65,82.28
2024-02-01,9,79,58,73.42
2024-02-01,10,79,64,81.01
2024-02-01,11,79,68,86.08
2024-02-01,12,79,72,91.14
2024-02-01,13,79,69,87.34
2024-02-01,14,79,52,65.82
2024-02-01,15,79,68,86.08
2024-02-01,16,79,69,87.34
2024-02-01,17,79,60,75.95
2024-02-01,18,79,65,82.28
2024-02-01,19,79,58,73.42
2024-02-01,20,79,52,65.82
2024-03-01,0,92,76,82.61
2024-03-01,1,92,75,81.52
2024-03-01,2,92,75,81.52
2024-03-01,3,92,77,83.70
2024-03-01,4,92,77,83.70
2024-03-01,5,92,75,81.52
2024-03-01,6,92,56,60.87
2024-03-01,7,92,70,76.09
2024-03-01,8,92,61,66.30
2024-03-01,9,92,64,69.57
2024-03-01,10,92,81,88.04
2024-03-01,11,92,82,89.13
2024-03-01,12,92,85,92.39
2024-03-01,13,92,63,68.48
2024-03-01,14,92,85,92.39
2024-03-01,15,92,80,86.96
2024-03-01,16,92,70,76.09
2024-03-01,17,92,81,88.04
2024-03-01,18,92,68,73.91
2024-03-01,19,92,68,73.91
2024-04-01,0,97,76,78.35
2024-04-01,1,97,77,79.38
2024-04-01,2,97,83,85.57
2024-04-01,3,97,78,80.41
2024-04-01,4,97,76,78.35
2024-04-01,5,97,74,76.29
2024-04-01,6,97,69,71.13
2024-04-01,7,97,71,73.20
2024-04-01,8,97,77,79.38
2024-04-01,9,97,87,89.69
2024-04-01,10,97,79,81.44
2024-04-01,11,97,85,87.63
2024-04-01,12,97,64,65.98
2024-04-01,13,97,83,85.57
2024-04-01,14,97,88,90.72
2024-04-01,15,97,82,84.54
2024-04-01,16,97,81,83.51
2024-04-01,17,97,69,71.13
2024-04-01,18,97,68,70.10
2024-05-01,0,85,67,78.82
2024-05-01,1,85,67,78.82
2024-05-01,2,85,72,84.71
2024-05-01,3,85,69,81.18
2024-05-01,4,85,66,77.65
2024-05-01,5,85,61,71.76
2024-05-01,6,85,64,75.29
2024-05-01,7,85,64,75.29
2024-05-01,8,85,76,89.41
2024-05-01,9,85,70,82.35
2024-05-01,10,85,68,80.00
2024-05-01,11,85,57,67.06
2024-05-01,12,85,73,85.88
2024-05-01,13,85,71,83.53
2024-05-01,14,85,69,81.18
2024-05-01,15,85,71,83.53
2024-05-01,16,85,64,75.29
2024-05-01,17,85,63,74.12
2024-06-01,0,82,69,84.15
2024-06-01,1,82,64,78.05
2024-06-01,2,82,62,75.61
2024-06-01,3,82,53,64.63
2024-06-01,4,82,61,74.39
2024-06-01,5,82,66,80.49
2024-06-01,6,82,69,84.15
2024-06-01,7,82,74,90.24
2024-06-01,8,82,72,87.80
2024-06-01,9,82,70,85.37
2024-06-01,10,82,56,68.29
2024-06-01,11,82,76,92.68
2024-06-01,12,82,75,91.46
2024-06-01,13,82,64,78.05
2024-06-01,14,82,67,81.71
2024-06-01,15,82,61,74.39
2024-06-01,16,82,58,70.73
2024-07-01,0,72,62,86.11
2024-07-01,1,72,53,73.61
2024-07-01,2,72,53,73.61
2024-07-01,3,72,56,77.78
2024-07-01,4,72,48,66.67
2024-07-01,5,72,60,83.33
2024-07-01,6,72,64,88.89
2024-07-01,7,72,64,88.89
2024-07-01,8,72,62,86.11
2024-07-01,9,72,46,63.89
2024-07-01,10,72,59,81.94
2024-07-01,11,72,57,79.17
2024-07-01,12,72,55,76.39
2024-07-01,13,72,53,73.61
2024-07-01,14,72,52,72.22
2024-07-01,15,72,49,68.06
2024-08-01,0,84,67,79.76
2024-08-01,1,84,63,75.00
2024-08-01,2,84,62,73.81
2024-08-01,3,84,61,72.62
2024-08-01,4,84,63,75.00
2024-08-01,5,84,74,88.10
2024-08-01,6,84,73,86.90
2024-08-01,7,84,73,86.90
2024-08-01,8,84,56,66.67
2024-08-01,9,84,76,90.48
2024-08-01,10,84,71,84.52
2024-08-01,11,84,61,72.62
2024-08-01,12,84,64,76.19
2024-08-01,13,84,55,65.48
2024-08-01,14,84,65,77.38
2024-09-01,0,87,54,62.07
2024-09-01,1,87,65,74.71
2024-09-01,2,87,61,70.11
2024-09-01,3,87,71,81.61
2024-09-01,4,87,79,90.80
2024-09-01,5,87,67,77.01
2024-09-01,6,87,84,96.55
2024-09-01,7,87,59,67.82
2024-09-01,8,87,72,82.76
2024-09-01,9,87,75,86.21
2024-09-01,10,87,77,88.51
2024-09-01,11,87,71,81.61
2024-09-01,12,87,66,75.86
2024-09-01,13,87,58,66.67
2024-10-01,0,83,64,77.11
2024-10-01,1,83,58,69.88
2024-10-01,2,83,70,84.34
2024-10-01,3,83,77,92.77
2024-10-01,4,83,71,85.54
2024-10-01,5,83,73,87.95
2024-10-01,6,83,61,73.49
2024-10-01,7,83,70,84.34
2024-10-01,8,83,75,90.36
2024-10-01,9,83,62,74.70
2024-10-01,10,83,73,87.95
2024-10-01,11,83,57,68.67
2024-10-01,12,83,62,74.70
2024-11-01,0,78,55,70.51
2024-11-01,1,78,66,84.62
2024-11-01,2,78,68,87.18
2024-11-01,3,78,73,93.59
2024-11-01,4,78,66,84.62
2024-11-01,5,78,54,69.23
2024-11-01,6,78,69,88.46
2024-11-01,7,78,65,83.33
2024-11-01,8,78,66,84.62
2024-11-01,9,78,62,79.49
2024-11-01,10,78,54,69.23
2024-11-01,11,78,58,74.36
2024-12-01,0,89,70,78.65
2024-12-01,1,89,78,87.64
2024-12-01,2,89,82,92.13
2024-12-01,3,89,75,84.27
2024-12-01,4,89,58,65.17
2024-12-01,5,89,71,79.78
2024-12-01,6,89,75,84.27
2024-12-01,7,89,72,80.90
2024-12-01,8,89,70,78.65
2024-12-01,9,89,58,65.17
2024-12-01,10,89,69,77.53
2025-01-01,0,86,79,91.86
2025-01-01,1,86,70,81.40
2025-01-01,2,86,76,88.37
2025-01-01,3,86,51,59.30
2025-01-01,4,86,78,90.70
2025-01-01,5,86,74,86.05
2025-01-01,6,86,77,89.53
2025-01-01,7,86,76,88.37
2025-01-01,8,86,57,66.28
2025-01-01,9,86,56,65.12
2025-02-01,0,77,70,90.91
2025-02-01,1,77,65,84.42
2025-02-01,2,77,55,71.43
2025-02-01,3,77,66,85.71
2025-02-01,4,77,59,76.62
2025-02-01,5,77,61,79.22
2025-02-01,6,77,62,80.52
2025-02-01,7,77,51,66.23
2025-02-01,8,77,51,66.23
2025-03-01,0,98,81,82.65
2025-03-01,1,98,66,67.35
2025-03-01,2,98,80,81.63
2025-03-01,3,98,81,82.65
2025-03-01,4,98,75,76.53
2025-03-01,5,98,84,85.71
2025-03-01,6,98,68,69.39
2025-03-01,7,98,74,75.51
2025-04-01,0,87,67,77.01
2025-04-01,1,87,78,89.66
2025-04-01,2,87,76,87.36
2025-04-01,3,87,73,83.91
2025-04-01,4,87,71,81.61
2025-04-01,5,87,63,72.41
2025-04-01,6,87,61,70.11
2025-05-01,0,94,81,86.17
2025-05-01,1,94,80,85.11
2025-05-01,2,94,73,77.66
2025-05-01,3,94,74,78.72
2025-05-01,4,94,58,61.70
2025-05-01,5,94,64,68.09
2025-06-01,0,84,71,84.52
2025-06-01,1,84,72,85.71
2025-06-01,2,84,71,84.52
2025-06-01,3,84,61,72.62
2025-06-01,4,84,55,65.48
2025-07-01,0,73,62,84.93
2025-07-01,1,73,63,86.30
2025-07-01,2,73,50,68.49
2025-07-01,3,73,52,71.23
2025-08-01,0,83,68,81.93
2025-08-01,1,83,55,66.27
2025-08-01,2,83,70,84.34
2025-09-01,0,87,62,71.26
2025-09-01,1,87,71,81.61
2025-10-01,0,68,51,75.00
