cust_id,city,total_spend,avg_customer_spend
1846,Abu Dhabi,17773.23,10975.373986
1404,Dubai,17600.11,10975.373986
3969,Dubai,17572.74,10975.373986
3727,Dubai,17473.10,10975.373986
4900,Dubai,17367.41,10975.373986
4184,Dubai,17304.00,10975.373986
3845,Dubai,17287.19,10975.373986
1962,Sharjah,17213.00,10975.373986
1343,Abu Dhabi,17028.26,10975.373986
3378,Abu Dhabi,16938.89,10975.373986
1169,Dubai,16918.80,10975.373986
283,Sharjah,16879.78,10975.373986
3680,Dubai,16806.78,10975.373986
559,Abu Dhabi,16736.51,10975.373986
4915,Sharjah,16714.40,10975.373986
2636,Dubai,16667.04,10975.373986
3424,Dubai,16619.60,10975.373986
3756,Dubai,16388.45,10975.373986
2771,Dubai,16382.08,10975.373986
2804,Sharjah,16349.96,10975.373986
2360,Abu Dhabi,16331.14,10975.373986
4337,Abu Dhabi,16323.43,10975.373986
3865,Dubai,16312.48,10975.373986
3695,Sharjah,16268.35,10975.373986
2895,Abu Dhabi,16219.42,10975.373986
1966,Dubai,16205.73,10975.373986
467,Abu Dhabi,16188.26,10975.373986
4227,Sharjah,16182.67,10975.373986
2923,Sharjah,16157.08,10975.373986
249,Dubai,16105.09,10975.373986
702,Sharjah,16090.01,10975.373986
4316,Abu Dhabi,16060.85,10975.373986
4078,Dubai,16060.36,10975.373986
1852,Sharjah,16047.01,10975.373986
4510,Sharjah,16042.56,10975.373986
267,Abu Dhabi,16013.61,10975.373986
4524,Abu Dhabi,15986.84,10975.373986
701,Dubai,15920.34,10975.373986
4377,Abu Dhabi,15916.86,10975.373986
2166,Abu Dhabi,15863.14,10975.373986
3285,Sharjah,15854.24,10975.373986
1867,Abu Dhabi,15852.97,10975.373986
4742,Abu Dhabi,15848.91,10975.373986
1824,Abu Dhabi,15845.70,10975.373986
4396,Sharjah,15843.10,10975.373986
3469,Sharjah,15778.61,10975.373986
3317,Abu Dhabi,15765.69,10975.373986
455,Dubai,15765.21,10975.373986
3678,Abu Dhabi,15752.47,10975.373986
3873,Dubai,15750.20,10975.373986
509,Abu Dhabi,15699.42,10975.373986
3470,Dubai,15697.79,10975.373986
3272,Dubai,15681.68,10975.373986
4345,Abu Dhabi,15657.52,10975.373986
2308,Sharjah,15657.25,10975.373986
705,Dubai,15641.62,10975.373986
3794,Sharjah,15638.46,10975.373986
2612,Abu Dhabi,15572.92,10975.373986
132,Dubai,15552.86,10975.373986
414,Dubai,15521.86,10975.373986
2217,Dubai,15487.81,10975.373986
348,Sharjah,15483.89,10975.373986
2124,Dubai,15471.59,10975.373986
3544,Dubai,15464.03,10975.373986
4356,Dubai,15462.83,10975.373986
4840,Abu Dhabi,15461.05,10975.373986
66,Dubai,15436.67,10975.373986
3084,Abu Dhabi,15430.33,10975.373986
1324,Sharjah,15427.23,10975.373986
4689,Abu Dhabi,15412.68,10975.373986
250,Abu Dhabi,15411.92,10975.373986
3857,Abu Dhabi,15403.87,10975.373986
4604,Dubai,15403.41,10975.373986
4869,Abu Dhabi,15394.96,10975.373986
2461,Dubai,15379.69,10975.373986
3856,Abu Dhabi,15379.17,10975.373986
2425,Sharjah,15368.12,10975.373986
224,Dubai,15346.52,10975.373986
3536,Sharjah,15334.55,10975.373986
2273,Sharjah,15311.14,10975.373986
2625,Dubai,15294.43,10975.373986
3172,Sharjah,15293.94,10975.373986
1869,Abu Dhabi,15288.37,10975.373986
394,Dubai,15281.79,10975.373986
4079,Sharjah,15268.06,10975.373986
3403,Abu Dhabi,15249.89,10975.373986
4248,Sharjah,15242.07,10975.373986
3591,Sharjah,15241.01,10975.373986
4442,Dubai,15235.07,10975.373986
724,Dubai,15222.07,10975.373986
4221,Sharjah,15186.93,10975.373986
4969,Abu Dhabi,15140.37,10975.373986
4723,Dubai,15133.50,10975.373986
3208,Sharjah,15124.35,10975.373986
526,Dubai,15121.97,10975.373986
4178,Dubai,15107.12,10975.373986
2834,Dubai,15098.13,10975.373986
4250,Dubai,15097.09,10975.373986
1462,Dubai,15068.79,10975.373986
655,Dubai,15068.55,10975.373986
4094,Dubai,15053.85,10975.373986
1888,Dubai,15041.45,10975.373986
4587,Dubai,15041.20,10975.373986
1575,Sharjah,15027.38,10975.373986
3151,Abu Dhabi,15019.73,10975.373986
4481,Abu Dhabi,15018.73,10975.373986
2245,Dubai,15012.74,10975.373986
2977,Abu Dhabi,14996.11,10975.373986
4769,Dubai,14987.09,10975.373986
4955,Sharjah,14984.97,10975.373986
1173,Abu Dhabi,14972.03,10975.373986
1974,Dubai,14969.89,10975.373986
369,Dubai,14962.93,10975.373986
3415,Abu Dhabi,14940.58,10975.373986
3718,Dubai,14934.80,10975.373986
1256,Abu Dhabi,14928.41,10975.373986
3705,Sharjah,14927.66,10975.373986
3782,Dubai,14911.92,10975.373986
4512,Dubai,14909.48,10975.373986
4014,Dubai,14891.46,10975.373986
716,Dubai,14888.54,10975.373986
884,Sharjah,14884.05,10975.373986
2574,Sharjah,14873.27,10975.373986
404,Abu Dhabi,14835.28,10975.373986
1074,Dubai,14818.98,10975.373986
4890,Dubai,14818.41,10975.373986
3676,Sharjah,14817.62,10975.373986
1648,Sharjah,14816.05,10975.373986
4546,Dubai,14811.38,10975.373986
34,Dubai,14792.32,10975.373986
1638,Abu Dhabi,14789.18,10975.373986
1545,Dubai,14767.75,10975.373986
2578,Abu Dhabi,14766.85,10975.373986
4,Abu Dhabi,14759.84,10975.373986
4563,Sharjah,14752.54,10975.373986
1688,Dubai,14751.92,10975.373986
243,Dubai,14744.18,10975.373986
2807,Sharjah,14740.65,10975.373986
2591,Sharjah,14735.63,10975.373986
4949,Dubai,14730.64,10975.373986
4725,Dubai,14729.37,10975.373986
211,Abu Dhabi,14728.24,10975.373986
2420,Dubai,14727.24,10975.373986
456,Abu Dhabi,14721.12,10975.373986
1104,Abu Dhabi,14715.05,10975.373986
3972,Dubai,14702.64,10975.373986
1642,Sharjah,14701.20,10975.373986
2183,Dubai,14700.17,10975.373986
1327,Dubai,14695.80,10975.373986
1535,Dubai,14675.88,10975.373986
4263,Sharjah,14675.30,10975.373986
743,Abu Dhabi,14671.82,10975.373986
2110,Abu Dhabi,14661.73,10975.373986
3448,Sharjah,14661.04,10975.373986
4684,Dubai,14655.35,10975.373986
273,Sharjah,14655.14,10975.373986
2568,Abu Dhabi,14655.10,10975.373986
1102,Sharjah,14635.82,10975.373986
2161,Dubai,14630.14,10975.373986
4233,Sharjah,14620.87,10975.373986
656,Abu Dhabi,14620.44,10975.373986
1777,Dubai,14620.37,10975.373986
2758,Dubai,14612.93,10975.373986
2717,Abu Dhabi,14608.95,10975.373986
3875,Dubai,14607.82,10975.373986
372,Sharjah,14606.25,10975.373986
2604,Sharjah,14601.83,10975.373986
1290,Abu Dhabi,14594.05,10975.373986
4632,Sharjah,14588.12,10975.373986
1096,Dubai,14587.29,10975.373986
2832,Dubai,14583.62,10975.373986
341,Dubai,14578.55,10975.373986
2975,Dubai,14574.24,10975.373986
301,Dubai,14571.12,10975.373986
4245,Sharjah,14570.44,10975.373986
4402,Sharjah,14561.23,10975.373986
4560,Sharjah,14527.12,10975.373986
983,Dubai,14522.61,10975.373986
2277,Dubai,14516.66,10975.373986
3430,Abu Dhabi,14515.66,10975.373986
2740,Dubai,14492.77,10975.373986
2267,Abu Dhabi,14490.65,10975.373986
4691,Sharjah,14489.98,10975.373986
791,Sharjah,14489.33,10975.373986
4875,Dubai,14476.32,10975.373986
870,Dubai,14466.75,10975.373986
4371,Sharjah,14464.13,10975.373986
807,Dubai,14460.48,10975.373986
1111,Abu Dhabi,14458.58,10975.373986
2971,Sharjah,14452.74,10975.373986
337,Sharjah,14451.88,10975.373986
1585,Sharjah,14449.17,10975.373986
540,Sharjah,14441.31,10975.373986
2328,Dubai,14430.31,10975.373986
4495,Dubai,14428.38,10975.373986
3435,Sharjah,14422.50,10975.373986
2147,Dubai,14422.24,10975.373986
1996,Abu Dhabi,14421.88,10975.373986
2149,Dubai,14421.21,10975.373986
3564,Dubai,14417.25,10975.373986
1372,Dubai,14414.18,10975.373986
590,Abu Dhabi,14411.05,10975.373986
2432,Abu Dhabi,14408.65,10975.373986
3560,Dubai,14407.78,10975.373986
2261,Dubai,14404.51,10975.373986
1914,Sharjah,14398.51,10975.373986
356,Dubai,14396.78,10975.373986
1037,Abu Dhabi,14396.42,10975.373986
1948,Abu Dhabi,14396.08,10975.373986
1348,Abu Dhabi,14395.29,10975.373986
1223,Dubai,14385.47,10975.373986
1333,Sharjah,14382.84,10975.373986
4308,Dubai,14372.00,10975.373986
2015,Abu Dhabi,14371.41,10975.373986
1387,Abu Dhabi,14369.45,10975.373986
1982,Dubai,14363.58,10975.373986
2437,Dubai,14357.53,10975.373986
1090,Dubai,14355.43,10975.373986
1843,Dubai,14350.94,10975.373986
3385,Sharjah,14348.92,10975.373986
1692,Dubai,14343.47,10975.373986
4968,Dubai,14340.71,10975.373986
1825,Dubai,14330.98,10975.373986
3913,Dubai,14327.21,10975.373986
1728,Sharjah,14323.70,10975.373986
448,Dubai,14323.10,10975.373986
265,Dubai,14322.81,10975.373986
1619,Sharjah,14321.88,10975.373986
1477,Dubai,14320.72,10975.373986
878,Abu Dhabi,14317.22,10975.373986
516,Abu Dhabi,14313.88,10975.373986
3337,Dubai,14311.03,10975.373986
3362,Dubai,14304.12,10975.373986
1730,Sharjah,14296.25,10975.373986
2927,Dubai,14292.56,10975.373986
1538,Dubai,14291.16,10975.373986
1115,Dubai,14290.39,10975.373986
3535,Abu Dhabi,14288.98,10975.373986
1748,Dubai,14288.74,10975.373986
229,Dubai,14283.62,10975.373986
2342,Dubai,14281.75,10975.373986
4450,Dubai,14264.20,10975.373986
4343,Dubai,14256.43,10975.373986
1883,Abu Dhabi,14250.92,10975.373986
142,Sharjah,14249.77,10975.373986
2350,Dubai,14245.54,10975.373986
2076,Sharjah,14237.70,10975.373986
3184,Dubai,14234.33,10975.373986
4731,Dubai,14233.54,10975.373986
828,Abu Dhabi,14228.11,10975.373986
3331,Dubai,14227.88,10975.373986
2324,Abu Dhabi,14218.54,10975.373986
1752,Abu Dhabi,14209.88,10975.373986
2783,Abu Dhabi,14196.50,10975.373986
366,Dubai,14195.34,10975.373986
586,Dubai,14189.21,10975.373986
3043,Abu Dhabi,14188.31,10975.373986
4212,Abu Dhabi,14184.32,10975.373986
2900,Abu Dhabi,14183.75,10975.373986
2252,Dubai,14183.56,10975.373986
1604,Abu Dhabi,14179.65,10975.373986
2744,Sharjah,14178.85,10975.373986
357,Dubai,14175.62,10975.373986
795,Sharjah,14171.35,10975.373986
3495,Sharjah,14159.26,10975.373986
3579,Dubai,14156.52,10975.373986
3614,Abu Dhabi,14155.94,10975.373986
2359,Dubai,14149.50,10975.373986
2163,Sharjah,14145.41,10975.373986
3688,Dubai,14144.60,10975.373986
3402,Dubai,14142.94,10975.373986
4911,Sharjah,14139.61,10975.373986
2930,Dubai,14138.48,10975.373986
946,Dubai,14136.52,10975.373986
1431,Dubai,14132.30,10975.373986
3801,Dubai,14129.00,10975.373986
2290,Sharjah,14124.39,10975.373986
4572,Dubai,14123.26,10975.373986
1061,Sharjah,14119.30,10975.373986
3294,Dubai,14116.53,10975.373986
2919,Dubai,14109.92,10975.373986
2030,Dubai,14106.40,10975.373986
4959,Dubai,14101.77,10975.373986
4088,Dubai,14097.99,10975.373986
3506,Sharjah,14095.78,10975.373986
2512,Abu Dhabi,14084.09,10975.373986
4017,Sharjah,14082.45,10975.373986
2812,Dubai,14077.78,10975.373986
4398,Sharjah,14068.83,10975.373986
1143,Dubai,14066.67,10975.373986
4811,Dubai,14064.96,10975.373986
3209,Sharjah,14063.01,10975.373986
4360,Abu Dhabi,14056.11,10975.373986
3407,Dubai,14051.67,10975.373986
1789,Abu Dhabi,14044.86,10975.373986
492,Dubai,14044.66,10975.373986
3288,Abu Dhabi,14026.90,10975.373986
2170,Dubai,14025.51,10975.373986
1393,Sharjah,14018.57,10975.373986
4239,Dubai,14012.73,10975.373986
1039,Sharjah,14009.08,10975.373986
1957,Abu Dhabi,14007.50,10975.373986
713,Dubai,14003.15,10975.373986
2774,Dubai,13999.25,10975.373986
1508,Abu Dhabi,13977.25,10975.373986
3636,Abu Dhabi,13971.65,10975.373986
506,Sharjah,13968.13,10975.373986
3864,Sharjah,13967.81,10975.373986
4645,Dubai,13963.67,10975.373986
4117,Sharjah,13955.30,10975.373986
245,Dubai,13948.57,10975.373986
1706,Dubai,13947.82,10975.373986
190,Sharjah,13945.26,10975.373986
1714,Dubai,13924.74,10975.373986
4942,Dubai,13922.99,10975.373986
2438,Abu Dhabi,13922.39,10975.373986
4366,Dubai,13921.31,10975.373986
1481,Dubai,13919.47,10975.373986
2344,Dubai,13916.57,10975.373986
4945,Dubai,13908.69,10975.373986
4336,Sharjah,13904.95,10975.373986
4994,Abu Dhabi,13900.71,10975.373986
3853,Abu Dhabi,13899.86,10975.373986
1968,Dubai,13894.97,10975.373986
1812,Dubai,13891.84,10975.373986
3795,Dubai,13889.46,10975.373986
4630,Dubai,13888.36,10975.373986
681,Dubai,13885.48,10975.373986
601,Abu Dhabi,13883.11,10975.373986
4675,Abu Dhabi,13882.71,10975.373986
2679,Sharjah,13879.67,10975.373986
1679,Dubai,13879.16,10975.373986
1842,Dubai,13877.50,10975.373986
1426,Dubai,13876.69,10975.373986
3077,Dubai,13876.00,10975.373986
3169,Dubai,13863.88,10975.373986
2439,Dubai,13861.88,10975.373986
2968,Dubai,13860.02,10975.373986
4568,Dubai,13859.71,10975.373986
3252,Abu Dhabi,13854.38,10975.373986
4562,Sharjah,13850.07,10975.373986
757,Abu Dhabi,13848.51,10975.373986
483,Dubai,13848.30,10975.373986
2250,Abu Dhabi,13846.69,10975.373986
4567,Abu Dhabi,13846.42,10975.373986
2524,Dubai,13842.48,10975.373986
1461,Dubai,13839.05,10975.373986
838,Sharjah,13834.42,10975.373986
3476,Sharjah,13829.52,10975.373986
1878,Dubai,13827.03,10975.373986
2218,Sharjah,13825.95,10975.373986
3554,Abu Dhabi,13820.39,10975.373986
2925,Dubai,13818.36,10975.373986
1902,Sharjah,13817.80,10975.373986
1316,Abu Dhabi,13817.47,10975.373986
916,Abu Dhabi,13813.21,10975.373986
3879,Abu Dhabi,13813.20,10975.373986
1591,Dubai,13811.46,10975.373986
2288,Dubai,13799.28,10975.373986
3883,Abu Dhabi,13795.28,10975.373986
2386,Dubai,13794.90,10975.373986
3890,Sharjah,13789.85,10975.373986
386,Abu Dhabi,13786.07,10975.373986
3698,Abu Dhabi,13785.51,10975.373986
4808,Dubai,13779.97,10975.373986
405,Dubai,13772.84,10975.373986
3717,Abu Dhabi,13770.99,10975.373986
1936,Sharjah,13764.15,10975.373986
1700,Abu Dhabi,13763.23,10975.373986
1093,Abu Dhabi,13754.01,10975.373986
2318,Abu Dhabi,13749.96,10975.373986
3979,Dubai,13749.43,10975.373986
3393,Dubai,13742.69,10975.373986
1583,Dubai,13742.50,10975.373986
1177,Dubai,13741.53,10975.373986
2254,Dubai,13740.99,10975.373986
3668,Abu Dhabi,13740.76,10975.373986
1701,Dubai,13733.02,10975.373986
2899,Abu Dhabi,13725.90,10975.373986
3760,Abu Dhabi,13725.53,10975.373986
4783,Dubai,13721.83,10975.373986
890,Dubai,13718.95,10975.373986
2302,Abu Dhabi,13712.60,10975.373986
4997,Sharjah,13704.69,10975.373986
1537,Dubai,13703.70,10975.373986
913,Dubai,13701.74,10975.373986
3981,Abu Dhabi,13694.06,10975.373986
3045,Dubai,13693.96,10975.373986
4513,Dubai,13691.59,10975.373986
2351,Abu Dhabi,13691.24,10975.373986
3100,Abu Dhabi,13687.45,10975.373986
3035,Dubai,13685.79,10975.373986
1616,Dubai,13685.04,10975.373986
333,Sharjah,13683.59,10975.373986
3640,Dubai,13681.47,10975.373986
3524,Dubai,13671.62,10975.373986
4472,Abu Dhabi,13670.39,10975.373986
4103,Abu Dhabi,13669.08,10975.373986
4215,Sharjah,13669.05,10975.373986
652,Dubai,13667.75,10975.373986
4500,Sharjah,13666.46,10975.373986
359,Abu Dhabi,13666.39,10975.373986
2451,Dubai,13663.06,10975.373986
130,Abu Dhabi,13662.97,10975.373986
738,Dubai,13658.79,10975.373986
751,Dubai,13657.75,10975.373986
2084,Sharjah,13651.51,10975.373986
809,Sharjah,13649.75,10975.373986
4315,Sharjah,13645.47,10975.373986
2609,Dubai,13644.21,10975.373986
4534,Abu Dhabi,13632.77,10975.373986
117,Dubai,13631.68,10975.373986
3194,Abu Dhabi,13625.53,10975.373986
319,Sharjah,13622.55,10975.373986
3541,Abu Dhabi,13616.77,10975.373986
227,Abu Dhabi,13615.84,10975.373986
511,Sharjah,13611.87,10975.373986
3016,Sharjah,13610.33,10975.373986
3010,Sharjah,13610.24,10975.373986
1835,Dubai,13606.33,10975.373986
4657,Abu Dhabi,13603.78,10975.373986
4022,Abu Dhabi,13595.40,10975.373986
2064,Dubai,13591.10,10975.373986
3164,Dubai,13589.62,10975.373986
2268,Abu Dhabi,13586.51,10975.373986
4039,Abu Dhabi,13578.35,10975.373986
53,Dubai,13578.32,10975.373986
4784,Sharjah,13577.19,10975.373986
707,Dubai,13576.85,10975.373986
1862,Abu Dhabi,13572.85,10975.373986
4557,Dubai,13570.23,10975.373986
1865,Dubai,13567.95,10975.373986
4086,Dubai,13563.66,10975.373986
3,Dubai,13562.01,10975.373986
1626,Sharjah,13559.93,10975.373986
4112,Dubai,13559.18,10975.373986
3187,Sharjah,13555.05,10975.373986
3984,Abu Dhabi,13546.24,10975.373986
2114,Dubai,13543.01,10975.373986
856,Sharjah,13537.39,10975.373986
3165,Dubai,13536.30,10975.373986
4019,Sharjah,13535.06,10975.373986
3336,Dubai,13533.88,10975.373986
260,Sharjah,13533.59,10975.373986
4321,Dubai,13533.54,10975.373986
2349,Abu Dhabi,13533.49,10975.373986
2068,Sharjah,13533.07,10975.373986
4798,Sharjah,13532.78,10975.373986
470,Dubai,13532.28,10975.373986
2613,Dubai,13528.18,10975.373986
808,Sharjah,13525.82,10975.373986
4735,Abu Dhabi,13517.97,10975.373986
3381,Sharjah,13517.44,10975.373986
4847,Dubai,13517.40,10975.373986
4136,Sharjah,13515.49,10975.373986
4361,Abu Dhabi,13514.20,10975.373986
3956,Dubai,13500.92,10975.373986
768,Dubai,13500.72,10975.373986
3790,Abu Dhabi,13497.73,10975.373986
4586,Dubai,13497.38,10975.373986
4467,Dubai,13494.40,10975.373986
4952,Abu Dhabi,13491.15,10975.373986
1941,Abu Dhabi,13488.01,10975.373986
4685,Sharjah,13483.81,10975.373986
340,Abu Dhabi,13480.61,10975.373986
3594,Dubai,13478.35,10975.373986
3817,Abu Dhabi,13476.22,10975.373986
550,Dubai,13475.32,10975.373986
784,Abu Dhabi,13474.75,10975.373986
3566,Dubai,13473.74,10975.373986
1964,Sharjah,13473.01,10975.373986
2951,Dubai,13470.83,10975.373986
1349,Dubai,13464.64,10975.373986
3825,Dubai,13463.20,10975.373986
1775,Abu Dhabi,13459.82,10975.373986
4082,Dubai,13458.19,10975.373986
1457,Dubai,13457.26,10975.373986
2174,Abu Dhabi,13456.03,10975.373986
3364,Sharjah,13450.94,10975.373986
2190,Sharjah,13450.00,10975.373986
552,Sharjah,13445.85,10975.373986
1682,Abu Dhabi,13443.78,10975.373986
781,Dubai,13442.81,10975.373986
2796,Dubai,13442.25,10975.373986
4380,Abu Dhabi,13429.94,10975.373986
1071,Dubai,13428.78,10975.373986
4864,Dubai,13426.09,10975.373986
3489,Dubai,13417.49,10975.373986
3439,Sharjah,13417.36,10975.373986
4850,Abu Dhabi,13415.71,10975.373986
764,Abu Dhabi,13414.55,10975.373986
4824,Dubai,13414.43,10975.373986
2809,Abu Dhabi,13406.66,10975.373986
2730,Sharjah,13405.57,10975.373986
4669,Abu Dhabi,13403.18,10975.373986
3830,Dubai,13401.54,10975.373986
4893,Abu Dhabi,13387.92,10975.373986
437,Sharjah,13386.59,10975.373986
3310,Abu Dhabi,13384.80,10975.373986
2137,Abu Dhabi,13380.25,10975.373986
4577,Sharjah,13378.01,10975.373986
1195,Abu Dhabi,13376.29,10975.373986
660,Abu Dhabi,13372.22,10975.373986
2869,Abu Dhabi,13371.74,10975.373986
3799,Dubai,13369.83,10975.373986
3426,Abu Dhabi,13363.22,10975.373986
3253,Dubai,13362.51,10975.373986
2986,Sharjah,13358.57,10975.373986
1548,Dubai,13358.47,10975.373986
1049,Abu Dhabi,13358.05,10975.373986
3513,Sharjah,13357.32,10975.373986
4796,Dubai,13352.10,10975.373986
2939,Abu Dhabi,13351.04,10975.373986
1815,Dubai,13350.76,10975.373986
2129,Dubai,13349.55,10975.373986
2965,Dubai,13349.18,10975.373986
1699,Abu Dhabi,13348.69,10975.373986
1840,Abu Dhabi,13347.27,10975.373986
766,Dubai,13347.05,10975.373986
1273,Abu Dhabi,13343.88,10975.373986
3083,Dubai,13342.06,10975.373986
1130,Sharjah,13339.80,10975.373986
3263,Dubai,13337.43,10975.373986
2849,Dubai,13336.65,10975.373986
2445,Dubai,13334.43,10975.373986
632,Dubai,13334.38,10975.373986
3458,Sharjah,13334.00,10975.373986
3473,Abu Dhabi,13330.32,10975.373986
1633,Abu Dhabi,13324.08,10975.373986
4530,Dubai,13324.00,10975.373986
1026,Abu Dhabi,13323.67,10975.373986
4813,Sharjah,13322.10,10975.373986
978,Abu Dhabi,13321.15,10975.373986
4624,Dubai,13317.05,10975.373986
942,Dubai,13317.00,10975.373986
927,Dubai,13314.36,10975.373986
1503,Abu Dhabi,13310.66,10975.373986
4181,Dubai,13309.98,10975.373986
3293,Abu Dhabi,13308.25,10975.373986
1248,Sharjah,13307.36,10975.373986
4668,Dubai,13303.29,10975.373986
464,Sharjah,13301.78,10975.373986
4839,Sharjah,13291.42,10975.373986
3820,Dubai,13289.02,10975.373986
20,Sharjah,13282.60,10975.373986
2727,Dubai,13280.75,10975.373986
2934,Abu Dhabi,13278.35,10975.373986
124,Dubai,13278.14,10975.373986
3156,Sharjah,13271.69,10975.373986
974,Abu Dhabi,13271.04,10975.373986
410,Abu Dhabi,13266.51,10975.373986
2036,Dubai,13266.03,10975.373986
3515,Sharjah,13262.31,10975.373986
4525,Dubai,13261.41,10975.373986
3467,Dubai,13260.20,10975.373986
3568,Sharjah,13260.03,10975.373986
3170,Dubai,13259.53,10975.373986
3585,Dubai,13256.19,10975.373986
2340,Abu Dhabi,13253.68,10975.373986
2156,Dubai,13251.24,10975.373986
2272,Abu Dhabi,13250.92,10975.373986
2659,Abu Dhabi,13248.90,10975.373986
2390,Dubai,13247.62,10975.373986
4867,Abu Dhabi,13243.88,10975.373986
487,Abu Dhabi,13241.33,10975.373986
2226,Sharjah,13240.75,10975.373986
1156,Dubai,13238.23,10975.373986
1791,Dubai,13237.08,10975.373986
444,Abu Dhabi,13234.70,10975.373986
58,Sharjah,13234.21,10975.373986
3387,Dubai,13232.57,10975.373986
1309,Sharjah,13232.10,10975.373986
2346,Dubai,13231.30,10975.373986
1099,Abu Dhabi,13229.33,10975.373986
4643,Sharjah,13228.02,10975.373986
1276,Dubai,13226.96,10975.373986
3860,Sharjah,13226.35,10975.373986
2911,Sharjah,13224.20,10975.373986
3071,Sharjah,13223.90,10975.373986
2244,Sharjah,13222.46,10975.373986
2385,Dubai,13219.07,10975.373986
134,Sharjah,13217.93,10975.373986
1305,Sharjah,13216.92,10975.373986
4211,Abu Dhabi,13216.23,10975.373986
1315,Abu Dhabi,13216.09,10975.373986
4335,Dubai,13215.83,10975.373986
1589,Dubai,13214.54,10975.373986
2380,Abu Dhabi,13214.18,10975.373986
970,Dubai,13213.48,10975.373986
2317,Dubai,13211.87,10975.373986
3419,Abu Dhabi,13208.24,10975.373986
3706,Dubai,13204.08,10975.373986
3446,Dubai,13201.74,10975.373986
2521,Dubai,13199.45,10975.373986
4871,Abu Dhabi,13199.13,10975.373986
85,Sharjah,13197.87,10975.373986
3189,Abu Dhabi,13197.49,10975.373986
315,Dubai,13194.43,10975.373986
1940,Abu Dhabi,13194.36,10975.373986
3007,Abu Dhabi,13190.40,10975.373986
3051,Dubai,13189.27,10975.373986
4175,Dubai,13187.12,10975.373986
4067,Dubai,13186.87,10975.373986
4922,Abu Dhabi,13185.76,10975.373986
1389,Dubai,13185.11,10975.373986
798,Dubai,13180.38,10975.373986
4152,Abu Dhabi,13180.25,10975.373986
3485,Dubai,13176.21,10975.373986
665,Sharjah,13175.07,10975.373986
3780,Abu Dhabi,13174.39,10975.373986
1832,Dubai,13173.89,10975.373986
2982,Dubai,13173.63,10975.373986
364,Abu Dhabi,13171.16,10975.373986
571,Dubai,13171.13,10975.373986
1493,Dubai,13169.54,10975.373986
4762,Dubai,13165.19,10975.373986
3464,Abu Dhabi,13163.32,10975.373986
733,Dubai,13161.09,10975.373986
3733,Sharjah,13158.48,10975.373986
3602,Sharjah,13156.66,10975.373986
2292,Dubai,13156.13,10975.373986
4986,Sharjah,13155.95,10975.373986
4313,Sharjah,13154.46,10975.373986
3073,Abu Dhabi,13153.75,10975.373986
3870,Dubai,13152.54,10975.373986
4440,Dubai,13152.28,10975.373986
4860,Dubai,13149.27,10975.373986
324,Sharjah,13144.88,10975.373986
38,Abu Dhabi,13144.13,10975.373986
4826,Sharjah,13141.72,10975.373986
1893,Sharjah,13140.96,10975.373986
2434,Dubai,13140.62,10975.373986
4487,Abu Dhabi,13132.56,10975.373986
3656,Abu Dhabi,13131.51,10975.373986
308,Dubai,13124.23,10975.373986
2069,Dubai,13121.81,10975.373986
4418,Dubai,13119.97,10975.373986
3412,Abu Dhabi,13119.10,10975.373986
1485,Sharjah,13111.90,10975.373986
1007,Dubai,13111.80,10975.373986
3784,Sharjah,13108.95,10975.373986
2152,Abu Dhabi,13107.47,10975.373986
682,Abu Dhabi,13104.66,10975.373986
4488,Abu Dhabi,13104.38,10975.373986
3416,Abu Dhabi,13101.84,10975.373986
502,Dubai,13096.65,10975.373986
3413,Sharjah,13095.05,10975.373986
727,Dubai,13092.09,10975.373986
633,Dubai,13087.60,10975.373986
3037,Sharjah,13086.02,10975.373986
4819,Dubai,13081.35,10975.373986
3144,Abu Dhabi,13080.72,10975.373986
3791,Abu Dhabi,13080.63,10975.373986
2059,Dubai,13074.87,10975.373986
67,Sharjah,13073.35,10975.373986
2843,Dubai,13073.28,10975.373986
545,Sharjah,13071.59,10975.373986
1951,Abu Dhabi,13070.42,10975.373986
2056,Dubai,13069.24,10975.373986
3228,Abu Dhabi,13066.08,10975.373986
4433,Sharjah,13064.74,10975.373986
1056,Dubai,13064.34,10975.373986
2987,Dubai,13061.80,10975.373986
3306,Abu Dhabi,13059.77,10975.373986
4991,Sharjah,13052.56,10975.373986
1564,Abu Dhabi,13049.69,10975.373986
4877,Abu Dhabi,13049.04,10975.373986
3265,Dubai,13048.15,10975.373986
3978,Dubai,13046.02,10975.373986
647,Dubai,13041.40,10975.373986
4114,Dubai,13039.18,10975.373986
1317,Dubai,13038.50,10975.373986
2279,Abu Dhabi,13036.09,10975.373986
1576,Sharjah,13034.14,10975.373986
157,Dubai,13031.73,10975.373986
1641,Abu Dhabi,13027.84,10975.373986
2199,Abu Dhabi,13027.45,10975.373986
899,Dubai,13023.68,10975.373986
4367,Dubai,13022.73,10975.373986
1550,Dubai,13021.96,10975.373986
1496,Dubai,13021.81,10975.373986
1291,Abu Dhabi,13014.10,10975.373986
2052,Abu Dhabi,13013.99,10975.373986
3015,Sharjah,13012.10,10975.373986
2134,Dubai,13010.77,10975.373986
242,Sharjah,13010.57,10975.373986
2246,Dubai,13006.46,10975.373986
4758,Dubai,13005.66,10975.373986
2225,Dubai,13004.57,10975.373986
1314,Abu Dhabi,13004.37,10975.373986
4506,Abu Dhabi,13001.45,10975.373986
2014,Dubai,13000.38,10975.373986
1375,Dubai,13000.18,10975.373986
1631,Dubai,12998.44,10975.373986
2844,Abu Dhabi,12996.57,10975.373986
4081,Dubai,12996.54,10975.373986
672,Sharjah,12994.08,10975.373986
932,Dubai,12993.45,10975.373986
2949,Dubai,12991.46,10975.373986
3145,Dubai,12990.52,10975.373986
2113,Sharjah,12988.47,10975.373986
4350,Sharjah,12985.96,10975.373986
2088,Abu Dhabi,12984.16,10975.373986
2037,Dubai,12983.59,10975.373986
2228,Sharjah,12982.83,10975.373986
4280,Dubai,12980.61,10975.373986
475,Dubai,12979.75,10975.373986
1822,Sharjah,12975.64,10975.373986
4288,Dubai,12974.55,10975.373986
1845,Sharjah,12972.57,10975.373986
2842,Sharjah,12966.90,10975.373986
604,Abu Dhabi,12964.80,10975.373986
2992,Dubai,12964.06,10975.373986
3752,Abu Dhabi,12959.64,10975.373986
3520,Dubai,12958.50,10975.373986
1183,Dubai,12957.71,10975.373986
1572,Dubai,12957.31,10975.373986
2792,Dubai,12956.15,10975.373986
2235,Dubai,12954.79,10975.373986
2800,Sharjah,12954.62,10975.373986
606,Sharjah,12953.31,10975.373986
2164,Dubai,12948.36,10975.373986
4956,Dubai,12947.04,10975.373986
86,Dubai,12946.42,10975.373986
4774,Dubai,12945.99,10975.373986
897,Dubai,12945.88,10975.373986
240,Abu Dhabi,12945.60,10975.373986
667,Abu Dhabi,12945.35,10975.373986
2518,Abu Dhabi,12944.93,10975.373986
2887,Abu Dhabi,12944.81,10975.373986
2065,Abu Dhabi,12940.73,10975.373986
2860,Sharjah,12935.61,10975.373986
4803,Dubai,12935.47,10975.373986
4667,Dubai,12934.38,10975.373986
2408,Dubai,12931.00,10975.373986
2714,Abu Dhabi,12928.70,10975.373986
3053,Sharjah,12926.72,10975.373986
1969,Dubai,12926.67,10975.373986
4639,Dubai,12923.43,10975.373986
1261,Dubai,12918.75,10975.373986
922,Sharjah,12918.10,10975.373986
247,Dubai,12917.57,10975.373986
1311,Abu Dhabi,12914.21,10975.373986
779,Sharjah,12912.92,10975.373986
1450,Dubai,12912.39,10975.373986
4745,Dubai,12910.67,10975.373986
2374,Dubai,12910.26,10975.373986
2160,Dubai,12910.00,10975.373986
3225,Abu Dhabi,12908.64,10975.373986
2222,Abu Dhabi,12905.74,10975.373986
675,Dubai,12904.82,10975.373986
1218,Sharjah,12904.75,10975.373986
4704,Dubai,12903.55,10975.373986
782,Abu Dhabi,12901.53,10975.373986
2638,Abu Dhabi,12901.09,10975.373986
2534,Dubai,12896.67,10975.373986
2967,Sharjah,12895.92,10975.373986
3942,Sharjah,12894.17,10975.373986
4382,Abu Dhabi,12893.73,10975.373986
442,Sharjah,12892.73,10975.373986
4444,Dubai,12890.85,10975.373986
1489,Abu Dhabi,12890.53,10975.373986
4584,Abu Dhabi,12887.71,10975.373986
568,Dubai,12884.01,10975.373986
1573,Abu Dhabi,12883.95,10975.373986
3555,Dubai,12881.30,10975.373986
1991,Sharjah,12880.61,10975.373986
3057,Abu Dhabi,12879.22,10975.373986
1250,Dubai,12878.21,10975.373986
14,Dubai,12876.27,10975.373986
2813,Dubai,12875.20,10975.373986
4252,Dubai,12874.12,10975.373986
2473,Dubai,12873.21,10975.373986
4950,Abu Dhabi,12869.77,10975.373986
3786,Sharjah,12868.07,10975.373986
3019,Dubai,12864.97,10975.373986
3650,Dubai,12864.43,10975.373986
2952,Dubai,12864.37,10975.373986
3744,Dubai,12864.12,10975.373986
2300,Dubai,12862.28,10975.373986
3844,Dubai,12860.92,10975.373986
2400,Dubai,12860.35,10975.373986
915,Sharjah,12857.70,10975.373986
1955,Dubai,12856.28,10975.373986
2121,Dubai,12852.82,10975.373986
3235,Dubai,12852.78,10975.373986
2072,Abu Dhabi,12852.45,10975.373986
1233,Abu Dhabi,12849.80,10975.373986
1411,Dubai,12849.44,10975.373986
472,Abu Dhabi,12846.43,10975.373986
1586,Sharjah,12844.80,10975.373986
1266,Dubai,12843.61,10975.373986
3042,Dubai,12843.52,10975.373986
805,Dubai,12843.34,10975.373986
1786,Sharjah,12840.67,10975.373986
2303,Dubai,12836.22,10975.373986
2099,Sharjah,12834.98,10975.373986
3211,Dubai,12831.71,10975.373986
3363,Sharjah,12831.21,10975.373986
971,Sharjah,12828.35,10975.373986
1933,Abu Dhabi,12826.96,10975.373986
4036,Sharjah,12819.58,10975.373986
425,Abu Dhabi,12818.92,10975.373986
2650,Abu Dhabi,12816.61,10975.373986
2269,Abu Dhabi,12815.60,10975.373986
4891,Abu Dhabi,12815.44,10975.373986
1784,Dubai,12814.76,10975.373986
1201,Sharjah,12814.63,10975.373986
445,Dubai,12814.45,10975.373986
772,Dubai,12810.49,10975.373986
3492,Sharjah,12808.56,10975.373986
1655,Dubai,12807.19,10975.373986
2759,Dubai,12805.67,10975.373986
2983,Dubai,12804.88,10975.373986
1611,Abu Dhabi,12801.32,10975.373986
706,Dubai,12800.61,10975.373986
4265,Abu Dhabi,12797.29,10975.373986
4538,Dubai,12796.25,10975.373986
2393,Abu Dhabi,12789.81,10975.373986
2594,Dubai,12788.67,10975.373986
711,Sharjah,12786.61,10975.373986
84,Sharjah,12784.46,10975.373986
3603,Dubai,12781.07,10975.373986
3715,Dubai,12780.64,10975.373986
4848,Dubai,12780.02,10975.373986
2341,Sharjah,12779.64,10975.373986
2016,Abu Dhabi,12778.49,10975.373986
3995,Sharjah,12778.46,10975.373986
1293,Dubai,12774.98,10975.373986
2123,Sharjah,12774.76,10975.373986
1172,Abu Dhabi,12772.64,10975.373986
1958,Dubai,12772.44,10975.373986
4504,Sharjah,12772.43,10975.373986
380,Dubai,12771.26,10975.373986
3563,Abu Dhabi,12767.18,10975.373986
2868,Sharjah,12765.31,10975.373986
4057,Dubai,12763.67,10975.373986
4954,Abu Dhabi,12763.03,10975.373986
4649,Dubai,12762.90,10975.373986
3234,Dubai,12761.84,10975.373986
2275,Dubai,12758.86,10975.373986
1295,Dubai,12757.47,10975.373986
458,Dubai,12756.49,10975.373986
4376,Abu Dhabi,12752.62,10975.373986
952,Dubai,12751.23,10975.373986
1226,Dubai,12750.60,10975.373986
2248,Abu Dhabi,12750.53,10975.373986
2652,Abu Dhabi,12749.75,10975.373986
2682,Sharjah,12749.43,10975.373986
1425,Sharjah,12744.46,10975.373986
1432,Abu Dhabi,12741.17,10975.373986
262,Dubai,12738.79,10975.373986
1890,Dubai,12737.60,10975.373986
4425,Dubai,12736.45,10975.373986
1297,Sharjah,12733.44,10975.373986
4521,Dubai,12730.85,10975.373986
822,Dubai,12729.04,10975.373986
4130,Dubai,12724.90,10975.373986
4098,Dubai,12724.75,10975.373986
3483,Dubai,12722.11,10975.373986
466,Dubai,12719.09,10975.373986
143,Abu Dhabi,12713.07,10975.373986
4270,Dubai,12712.15,10975.373986
1475,Abu Dhabi,12711.20,10975.373986
3793,Dubai,12709.19,10975.373986
4287,Sharjah,12707.34,10975.373986
4929,Dubai,12700.93,10975.373986
2938,Sharjah,12700.83,10975.373986
4421,Dubai,12694.20,10975.373986
2953,Abu Dhabi,12693.23,10975.373986
1715,Dubai,12693.05,10975.373986
3909,Abu Dhabi,12692.68,10975.373986
962,Sharjah,12691.68,10975.373986
2315,Dubai,12687.91,10975.373986
926,Dubai,12686.54,10975.373986
3587,Dubai,12685.93,10975.373986
1654,Sharjah,12684.11,10975.373986
4047,Dubai,12682.25,10975.373986
1961,Sharjah,12679.36,10975.373986
2584,Abu Dhabi,12677.17,10975.373986
1308,Abu Dhabi,12674.17,10975.373986
1675,Dubai,12673.19,10975.373986
206,Dubai,12671.07,10975.373986
615,Sharjah,12671.06,10975.373986
3275,Abu Dhabi,12670.55,10975.373986
4224,Dubai,12667.18,10975.373986
4293,Abu Dhabi,12666.32,10975.373986
4041,Dubai,12664.43,10975.373986
2815,Sharjah,12664.02,10975.373986
3673,Abu Dhabi,12662.67,10975.373986
3682,Abu Dhabi,12661.34,10975.373986
2820,Dubai,12658.44,10975.373986
2251,Dubai,12657.42,10975.373986
3809,Dubai,12656.81,10975.373986
2011,Sharjah,12655.84,10975.373986
694,Abu Dhabi,12654.88,10975.373986
302,Dubai,12652.50,10975.373986
1300,Sharjah,12650.29,10975.373986
4496,Dubai,12647.51,10975.373986
3257,Dubai,12645.16,10975.373986
4626,Sharjah,12640.82,10975.373986
4013,Abu Dhabi,12640.78,10975.373986
3487,Dubai,12639.08,10975.373986
1525,Dubai,12638.44,10975.373986
2734,Dubai,12637.55,10975.373986
4055,Sharjah,12636.50,10975.373986
4910,Dubai,12635.93,10975.373986
426,Dubai,12633.80,10975.373986
1225,Dubai,12630.13,10975.373986
4760,Sharjah,12629.88,10975.373986
474,Sharjah,12629.19,10975.373986
4694,Sharjah,12627.47,10975.373986
2135,Abu Dhabi,12626.79,10975.373986
3980,Abu Dhabi,12625.34,10975.373986
3355,Dubai,12625.07,10975.373986
2649,Abu Dhabi,12623.41,10975.373986
1773,Dubai,12621.28,10975.373986
3127,Abu Dhabi,12620.50,10975.373986
921,Sharjah,12618.93,10975.373986
1054,Dubai,12618.88,10975.373986
1721,Dubai,12618.84,10975.373986
4021,Abu Dhabi,12617.26,10975.373986
2444,Dubai,12615.02,10975.373986
748,Sharjah,12611.35,10975.373986
965,Sharjah,12610.82,10975.373986
2027,Sharjah,12607.56,10975.373986
22,Sharjah,12607.41,10975.373986
2628,Abu Dhabi,12607.38,10975.373986
2667,Abu Dhabi,12604.51,10975.373986
2711,Abu Dhabi,12602.22,10975.373986
396,Dubai,12601.62,10975.373986
1761,Dubai,12600.96,10975.373986
1246,Dubai,12598.01,10975.373986
3442,Dubai,12593.20,10975.373986
1184,Dubai,12593.18,10975.373986
735,Abu Dhabi,12592.87,10975.373986
3493,Dubai,12592.69,10975.373986
2806,Dubai,12590.83,10975.373986
3593,Abu Dhabi,12590.49,10975.373986
4340,Sharjah,12589.92,10975.373986
1763,Dubai,12587.47,10975.373986
4640,Dubai,12586.81,10975.373986
3930,Dubai,12582.20,10975.373986
336,Dubai,12581.82,10975.373986
1882,Abu Dhabi,12580.69,10975.373986
310,Dubai,12580.09,10975.373986
1134,Dubai,12576.61,10975.373986
1817,Dubai,12573.92,10975.373986
389,Dubai,12572.76,10975.373986
3997,Dubai,12570.80,10975.373986
4589,Dubai,12569.34,10975.373986
3013,Abu Dhabi,12565.37,10975.373986
888,Dubai,12565.35,10975.373986
4201,Sharjah,12561.17,10975.373986
4897,Sharjah,12560.22,10975.373986
454,Sharjah,12559.65,10975.373986
1275,Sharjah,12557.82,10975.373986
3396,Sharjah,12557.01,10975.373986
419,Dubai,12554.16,10975.373986
3701,Dubai,12551.00,10975.373986
137,Dubai,12548.69,10975.373986
1635,Dubai,12548.23,10975.373986
1746,Abu Dhabi,12548.12,10975.373986
4437,Abu Dhabi,12547.35,10975.373986
2662,Dubai,12545.38,10975.373986
1408,Dubai,12544.76,10975.373986
3017,Dubai,12540.32,10975.373986
588,Abu Dhabi,12537.77,10975.373986
2410,Dubai,12534.73,10975.373986
252,Dubai,12534.33,10975.373986
3987,Sharjah,12532.77,10975.373986
3655,Dubai,12530.55,10975.373986
515,Dubai,12530.16,10975.373986
4660,Dubai,12529.72,10975.373986
344,Dubai,12529.43,10975.373986
3662,Abu Dhabi,12528.17,10975.373986
15,Abu Dhabi,12527.57,10975.373986
296,Dubai,12525.23,10975.373986
4511,Abu Dhabi,12524.51,10975.373986
2892,Dubai,12524.05,10975.373986
2238,Dubai,12521.13,10975.373986
1132,Sharjah,12520.38,10975.373986
1540,Abu Dhabi,12518.60,10975.373986
200,Dubai,12516.82,10975.373986
4979,Abu Dhabi,12516.79,10975.373986
1569,Dubai,12512.56,10975.373986
3341,Abu Dhabi,12510.39,10975.373986
831,Dubai,12509.53,10975.373986
1765,Dubai,12508.38,10975.373986
4179,Sharjah,12506.79,10975.373986
286,Dubai,12506.30,10975.373986
1906,Dubai,12505.96,10975.373986
903,Abu Dhabi,12505.79,10975.373986
370,Abu Dhabi,12500.50,10975.373986
4995,Abu Dhabi,12499.15,10975.373986
3216,Sharjah,12497.31,10975.373986
3896,Dubai,12496.67,10975.373986
129,Dubai,12496.61,10975.373986
1490,Dubai,12496.47,10975.373986
3803,Dubai,12495.20,10975.373986
4106,Dubai,12495.13,10975.373986
3764,Dubai,12493.60,10975.373986
233,Dubai,12492.05,10975.373986
3091,Abu Dhabi,12489.28,10975.373986
3432,Dubai,12489.20,10975.373986
876,Dubai,12488.10,10975.373986
3491,Dubai,12487.60,10975.373986
1935,Dubai,12487.30,10975.373986
3292,Sharjah,12485.07,10975.373986
3197,Dubai,12482.60,10975.373986
3999,Abu Dhabi,12480.30,10975.373986
1329,Dubai,12475.99,10975.373986
843,Dubai,12474.25,10975.373986
3155,Abu Dhabi,12474.00,10975.373986
433,Dubai,12471.41,10975.373986
2579,Abu Dhabi,12470.47,10975.373986
1683,Abu Dhabi,12469.10,10975.373986
1465,Dubai,12468.80,10975.373986
1257,Abu Dhabi,12468.56,10975.373986
3871,Abu Dhabi,12467.77,10975.373986
1284,Dubai,12467.67,10975.373986
118,Dubai,12467.34,10975.373986
3206,Sharjah,12466.12,10975.373986
2042,Dubai,12465.59,10975.373986
375,Sharjah,12464.08,10975.373986
55,Dubai,12461.10,10975.373986
4231,Dubai,12457.08,10975.373986
4988,Abu Dhabi,12456.73,10975.373986
4536,Abu Dhabi,12456.49,10975.373986
2781,Dubai,12456.02,10975.373986
1993,Dubai,12455.22,10975.373986
3086,Sharjah,12455.19,10975.373986
4432,Dubai,12454.33,10975.373986
2394,Dubai,12453.96,10975.373986
4148,Dubai,12453.02,10975.373986
3905,Dubai,12452.16,10975.373986
219,Sharjah,12450.82,10975.373986
2209,Abu Dhabi,12450.03,10975.373986
1520,Dubai,12448.57,10975.373986
852,Sharjah,12448.22,10975.373986
2737,Sharjah,12446.86,10975.373986
1334,Dubai,12446.44,10975.373986
4720,Sharjah,12442.73,10975.373986
3004,Abu Dhabi,12442.67,10975.373986
894,Dubai,12439.96,10975.373986
3623,Abu Dhabi,12439.62,10975.373986
3926,Sharjah,12438.51,10975.373986
1292,Dubai,12437.33,10975.373986
4267,Abu Dhabi,12436.60,10975.373986
2096,Dubai,12433.40,10975.373986
4070,Abu Dhabi,12432.88,10975.373986
3514,Abu Dhabi,12432.12,10975.373986
2664,Dubai,12430.63,10975.373986
3925,Abu Dhabi,12430.63,10975.373986
2173,Abu Dhabi,12429.97,10975.373986
1440,Sharjah,12429.46,10975.373986
3200,Dubai,12428.85,10975.373986
1780,Dubai,12428.31,10975.373986
1779,Dubai,12428.17,10975.373986
1595,Sharjah,12428.05,10975.373986
850,Dubai,12428.05,10975.373986
4460,Dubai,12424.98,10975.373986
2039,Dubai,12424.96,10975.373986
629,Dubai,12424.82,10975.373986
4341,Dubai,12423.91,10975.373986
4529,Abu Dhabi,12420.02,10975.373986
2552,Abu Dhabi,12419.78,10975.373986
3806,Sharjah,12419.73,10975.373986
650,Dubai,12417.84,10975.373986
1643,Dubai,12416.83,10975.373986
2242,Abu Dhabi,12416.01,10975.373986
1447,Sharjah,12415.09,10975.373986
201,Sharjah,12413.66,10975.373986
2610,Dubai,12413.47,10975.373986
3453,Abu Dhabi,12411.34,10975.373986
39,Abu Dhabi,12410.72,10975.373986
3175,Abu Dhabi,12409.60,10975.373986
3451,Sharjah,12407.77,10975.373986
4713,Abu Dhabi,12406.51,10975.373986
489,Dubai,12406.18,10975.373986
4593,Dubai,12403.39,10975.373986
4917,Abu Dhabi,12399.70,10975.373986
787,Abu Dhabi,12397.04,10975.373986
486,Dubai,12395.38,10975.373986
3836,Abu Dhabi,12394.86,10975.373986
3819,Abu Dhabi,12394.43,10975.373986
2642,Dubai,12393.03,10975.373986
2103,Dubai,12390.13,10975.373986
1743,Sharjah,12388.36,10975.373986
1847,Dubai,12387.58,10975.373986
2054,Abu Dhabi,12387.25,10975.373986
3462,Dubai,12385.97,10975.373986
4756,Sharjah,12385.80,10975.373986
4537,Sharjah,12385.72,10975.373986
4836,Dubai,12385.58,10975.373986
2188,Dubai,12382.38,10975.373986
1696,Abu Dhabi,12381.96,10975.373986
1403,Abu Dhabi,12380.68,10975.373986
4801,Dubai,12380.24,10975.373986
1734,Dubai,12378.17,10975.373986
421,Sharjah,12377.31,10975.373986
2347,Dubai,12377.13,10975.373986
2316,Dubai,12375.98,10975.373986
4228,Sharjah,12374.87,10975.373986
1712,Abu Dhabi,12374.28,10975.373986
3854,Dubai,12373.81,10975.373986
1406,Abu Dhabi,12370.25,10975.373986
2979,Abu Dhabi,12367.57,10975.373986
3342,Sharjah,12366.56,10975.373986
1502,Abu Dhabi,12366.37,10975.373986
4858,Sharjah,12362.33,10975.373986
4497,Abu Dhabi,12360.56,10975.373986
94,Abu Dhabi,12358.42,10975.373986
1320,Dubai,12357.78,10975.373986
4599,Dubai,12357.16,10975.373986
3986,Dubai,12355.91,10975.373986
1578,Dubai,12352.12,10975.373986
2989,Sharjah,12351.34,10975.373986
4865,Dubai,12349.97,10975.373986
3849,Abu Dhabi,12349.72,10975.373986
2755,Dubai,12349.41,10975.373986
1210,Dubai,12347.10,10975.373986
3296,Dubai,12346.92,10975.373986
624,Dubai,12345.65,10975.373986
3411,Dubai,12345.61,10975.373986
3107,Dubai,12342.38,10975.373986
156,Abu Dhabi,12341.82,10975.373986
4629,Dubai,12340.77,10975.373986
3392,Abu Dhabi,12338.84,10975.373986
2038,Dubai,12338.73,10975.373986
4368,Dubai,12332.99,10975.373986
1997,Dubai,12330.97,10975.373986
423,Abu Dhabi,12329.29,10975.373986
4851,Abu Dhabi,12329.10,10975.373986
872,Dubai,12328.84,10975.373986
4740,Dubai,12327.26,10975.373986
799,Dubai,12325.48,10975.373986
3400,Abu Dhabi,12325.20,10975.373986
574,Abu Dhabi,12323.81,10975.373986
4176,Dubai,12323.70,10975.373986
2028,Abu Dhabi,12320.41,10975.373986
3707,Abu Dhabi,12318.76,10975.373986
4030,Sharjah,12317.90,10975.373986
2523,Dubai,12317.41,10975.373986
199,Dubai,12317.38,10975.373986
4904,Dubai,12316.91,10975.373986
4518,Abu Dhabi,12316.59,10975.373986
2825,Dubai,12316.37,10975.373986
185,Abu Dhabi,12315.64,10975.373986
3961,Sharjah,12315.22,10975.373986
4188,Abu Dhabi,12314.52,10975.373986
1766,Abu Dhabi,12313.95,10975.373986
47,Sharjah,12312.03,10975.373986
2775,Abu Dhabi,12311.84,10975.373986
3148,Dubai,12311.26,10975.373986
2446,Abu Dhabi,12310.07,10975.373986
3221,Dubai,12309.61,10975.373986
1131,Dubai,12309.08,10975.373986
4006,Abu Dhabi,12308.64,10975.373986
2592,Dubai,12306.06,10975.373986
4238,Dubai,12304.01,10975.373986
862,Dubai,12300.91,10975.373986
1434,Abu Dhabi,12298.74,10975.373986
3436,Sharjah,12298.56,10975.373986
3340,Sharjah,12297.03,10975.373986
495,Sharjah,12296.04,10975.373986
3792,Abu Dhabi,12294.09,10975.373986
4492,Dubai,12293.82,10975.373986
166,Dubai,12292.93,10975.373986
4191,Dubai,12290.15,10975.373986
800,Sharjah,12288.92,10975.373986
1251,Dubai,12287.75,10975.373986
621,Dubai,12287.03,10975.373986
801,Dubai,12286.04,10975.373986
939,Dubai,12285.32,10975.373986
3863,Abu Dhabi,12283.86,10975.373986
152,Dubai,12282.77,10975.373986
4461,Sharjah,12282.63,10975.373986
4111,Dubai,12281.68,10975.373986
1214,Dubai,12280.98,10975.373986
786,Abu Dhabi,12279.78,10975.373986
279,Dubai,12279.24,10975.373986
25,Abu Dhabi,12278.50,10975.373986
1369,Abu Dhabi,12277.85,10975.373986
1602,Dubai,12277.40,10975.373986
288,Dubai,12274.09,10975.373986
3611,Abu Dhabi,12273.73,10975.373986
3989,Abu Dhabi,12272.73,10975.373986
2508,Dubai,12272.52,10975.373986
1364,Dubai,12271.75,10975.373986
3163,Sharjah,12271.66,10975.373986
4249,Dubai,12271.24,10975.373986
353,Dubai,12270.23,10975.373986
4283,Dubai,12269.76,10975.373986
2157,Dubai,12268.28,10975.373986
3026,Dubai,12268.19,10975.373986
684,Dubai,12267.11,10975.373986
1076,Dubai,12264.76,10975.373986
2057,Sharjah,12264.68,10975.373986
4479,Abu Dhabi,12262.91,10975.373986
87,Dubai,12261.54,10975.373986
74,Abu Dhabi,12259.60,10975.373986
1866,Sharjah,12259.28,10975.373986
679,Dubai,12254.83,10975.373986
3546,Abu Dhabi,12252.88,10975.373986
984,Dubai,12251.80,10975.373986
4458,Abu Dhabi,12251.29,10975.373986
1985,Dubai,12251.09,10975.373986
1421,Dubai,12250.86,10975.373986
859,Abu Dhabi,12250.51,10975.373986
4721,Dubai,12250.07,10975.373986
2962,Dubai,12248.94,10975.373986
2127,Dubai,12248.57,10975.373986
4928,Dubai,12248.45,10975.373986
3920,Dubai,12243.22,10975.373986
3774,Dubai,12241.76,10975.373986
2692,Sharjah,12240.77,10975.373986
365,Abu Dhabi,12240.38,10975.373986
1363,Dubai,12240.28,10975.373986
648,Abu Dhabi,12239.42,10975.373986
3038,Dubai,12238.11,10975.373986
401,Abu Dhabi,12236.05,10975.373986
1687,Dubai,12233.36,10975.373986
2262,Dubai,12230.95,10975.373986
4177,Abu Dhabi,12220.80,10975.373986
1986,Abu Dhabi,12220.79,10975.373986
284,Abu Dhabi,12220.00,10975.373986
1459,Dubai,12218.67,10975.373986
1664,Abu Dhabi,12217.59,10975.373986
841,Abu Dhabi,12217.19,10975.373986
203,Dubai,12216.64,10975.373986
4677,Dubai,12215.76,10975.373986
666,Sharjah,12215.34,10975.373986
3056,Dubai,12214.12,10975.373986
3461,Dubai,12213.45,10975.373986
3318,Dubai,12212.21,10975.373986
988,Dubai,12209.24,10975.373986
2569,Dubai,12208.78,10975.373986
12,Sharjah,12208.38,10975.373986
3090,Dubai,12207.62,10975.373986
3246,Sharjah,12206.66,10975.373986
169,Dubai,12206.33,10975.373986
1170,Abu Dhabi,12206.00,10975.373986
2673,Sharjah,12204.61,10975.373986
2487,Abu Dhabi,12203.70,10975.373986
677,Dubai,12203.53,10975.373986
3959,Abu Dhabi,12196.01,10975.373986
4323,Abu Dhabi,12194.30,10975.373986
3114,Dubai,12192.98,10975.373986
3783,Dubai,12192.20,10975.373986
2477,Dubai,12191.98,10975.373986
1377,Dubai,12190.17,10975.373986
4296,Sharjah,12188.95,10975.373986
268,Dubai,12184.83,10975.373986
4946,Dubai,12184.19,10975.373986
688,Dubai,12183.86,10975.373986
1449,Dubai,12183.78,10975.373986
4539,Dubai,12183.74,10975.373986
2061,Dubai,12181.59,10975.373986
3162,Abu Dhabi,12181.35,10975.373986
3465,Sharjah,12180.88,10975.373986
4011,Dubai,12180.65,10975.373986
2194,Sharjah,12178.67,10975.373986
4410,Dubai,12177.19,10975.373986
68,Sharjah,12176.96,10975.373986
1027,Sharjah,12175.30,10975.373986
239,Dubai,12174.78,10975.373986
3391,Sharjah,12174.50,10975.373986
503,Dubai,12174.05,10975.373986
2838,Sharjah,12171.84,10975.373986
2903,Sharjah,12171.46,10975.373986
949,Sharjah,12170.18,10975.373986
2363,Sharjah,12169.05,10975.373986
3840,Dubai,12169.02,10975.373986
1829,Sharjah,12165.85,10975.373986
2688,Abu Dhabi,12165.82,10975.373986
3002,Dubai,12164.80,10975.373986
4187,Abu Dhabi,12163.44,10975.373986
1282,Abu Dhabi,12163.28,10975.373986
2128,Abu Dhabi,12159.39,10975.373986
1193,Abu Dhabi,12158.60,10975.373986
342,Dubai,12158.51,10975.373986
3081,Abu Dhabi,12158.16,10975.373986
2575,Dubai,12157.93,10975.373986
1066,Abu Dhabi,12157.44,10975.373986
218,Dubai,12156.52,10975.373986
2240,Sharjah,12156.29,10975.373986
3498,Dubai,12155.64,10975.373986
4247,Dubai,12154.77,10975.373986
4886,Abu Dhabi,12153.76,10975.373986
1753,Dubai,12152.86,10975.373986
3738,Abu Dhabi,12152.49,10975.373986
1536,Abu Dhabi,12150.86,10975.373986
83,Dubai,12149.71,10975.373986
1848,Dubai,12148.31,10975.373986
1581,Dubai,12145.08,10975.373986
4268,Dubai,12143.69,10975.373986
599,Sharjah,12142.19,10975.373986
4462,Dubai,12141.40,10975.373986
1352,Abu Dhabi,12140.47,10975.373986
1727,Sharjah,12137.47,10975.373986
2205,Dubai,12136.50,10975.373986
1500,Sharjah,12135.43,10975.373986
1247,Sharjah,12133.73,10975.373986
2007,Sharjah,12132.08,10975.373986
4446,Dubai,12131.91,10975.373986
2465,Sharjah,12131.10,10975.373986
1757,Dubai,12129.52,10975.373986
2573,Sharjah,12129.27,10975.373986
92,Abu Dhabi,12119.83,10975.373986
4895,Dubai,12116.24,10975.373986
1531,Dubai,12115.57,10975.373986
2677,Dubai,12114.29,10975.373986
2905,Dubai,12109.15,10975.373986
2603,Dubai,12108.73,10975.373986
2691,Abu Dhabi,12105.86,10975.373986
2708,Dubai,12105.20,10975.373986
4594,Dubai,12103.45,10975.373986
3420,Abu Dhabi,12102.88,10975.373986
241,Abu Dhabi,12098.05,10975.373986
2079,Sharjah,12097.77,10975.373986
1385,Dubai,12096.61,10975.373986
2361,Dubai,12095.42,10975.373986
968,Dubai,12092.53,10975.373986
1206,Abu Dhabi,12091.75,10975.373986
994,Sharjah,12091.46,10975.373986
3346,Dubai,12091.42,10975.373986
4282,Abu Dhabi,12088.92,10975.373986
3749,Dubai,12088.66,10975.373986
4411,Abu Dhabi,12086.89,10975.373986
1975,Abu Dhabi,12085.14,10975.373986
3445,Dubai,12085.10,10975.373986
3215,Dubai,12082.96,10975.373986
4827,Abu Dhabi,12082.86,10975.373986
4392,Dubai,12078.58,10975.373986
4412,Dubai,12078.00,10975.373986
3118,Abu Dhabi,12077.76,10975.373986
2805,Sharjah,12077.29,10975.373986
2182,Dubai,12076.89,10975.373986
1809,Sharjah,12075.94,10975.373986
436,Abu Dhabi,12075.19,10975.373986
1830,Dubai,12073.54,10975.373986
3772,Sharjah,12072.88,10975.373986
4415,Abu Dhabi,12072.17,10975.373986
3711,Abu Dhabi,12071.60,10975.373986
4791,Dubai,12069.84,10975.373986
1652,Dubai,12069.04,10975.373986
3778,Abu Dhabi,12068.57,10975.373986
4375,Dubai,12066.74,10975.373986
1553,Abu Dhabi,12065.43,10975.373986
3644,Abu Dhabi,12064.14,10975.373986
2143,Sharjah,12063.29,10975.373986
271,Abu Dhabi,12061.97,10975.373986
1522,Sharjah,12056.04,10975.373986
2621,Dubai,12055.68,10975.373986
3421,Abu Dhabi,12054.66,10975.373986
567,Sharjah,12053.15,10975.373986
2018,Dubai,12051.98,10975.373986
2856,Abu Dhabi,12051.17,10975.373986
3478,Sharjah,12049.86,10975.373986
4647,Sharjah,12046.55,10975.373986
3028,Dubai,12046.52,10975.373986
3283,Abu Dhabi,12045.33,10975.373986
4009,Dubai,12043.92,10975.373986
969,Abu Dhabi,12042.97,10975.373986
1044,Dubai,12041.10,10975.373986
3049,Dubai,12040.57,10975.373986
4816,Dubai,12038.87,10975.373986
2348,Abu Dhabi,12034.97,10975.373986
2485,Abu Dhabi,12034.59,10975.373986
3395,Dubai,12034.31,10975.373986
3557,Abu Dhabi,12031.46,10975.373986
2902,Dubai,12029.90,10975.373986
236,Abu Dhabi,12029.44,10975.373986
381,Abu Dhabi,12028.55,10975.373986
54,Dubai,12028.39,10975.373986
827,Dubai,12027.94,10975.373986
1398,Sharjah,12027.92,10975.373986
4431,Abu Dhabi,12027.70,10975.373986
820,Abu Dhabi,12027.27,10975.373986
1639,Abu Dhabi,12023.33,10975.373986
1690,Sharjah,12021.98,10975.373986
644,Dubai,12021.80,10975.373986
362,Sharjah,12020.53,10975.373986
4547,Dubai,12019.80,10975.373986
1353,Dubai,12017.00,10975.373986
3181,Dubai,12016.68,10975.373986
3353,Dubai,12013.43,10975.373986
1921,Dubai,12011.57,10975.373986
334,Dubai,12009.44,10975.373986
2823,Abu Dhabi,12008.93,10975.373986
769,Dubai,12006.49,10975.373986
4167,Dubai,12006.41,10975.373986
661,Sharjah,12003.76,10975.373986
2808,Dubai,12000.05,10975.373986
1494,Abu Dhabi,11999.13,10975.373986
300,Dubai,11997.16,10975.373986
1301,Dubai,11994.01,10975.373986
758,Dubai,11993.86,10975.373986
2122,Abu Dhabi,11991.95,10975.373986
2797,Abu Dhabi,11990.38,10975.373986
2520,Abu Dhabi,11989.56,10975.373986
1368,Dubai,11988.38,10975.373986
3110,Dubai,11986.17,10975.373986
2582,Dubai,11986.16,10975.373986
1960,Abu Dhabi,11985.07,10975.373986
127,Dubai,11983.27,10975.373986
2852,Dubai,11982.47,10975.373986
3210,Abu Dhabi,11982.21,10975.373986
835,Dubai,11981.32,10975.373986
1341,Dubai,11979.18,10975.373986
2624,Dubai,11978.27,10975.373986
3716,Dubai,11978.01,10975.373986
1163,Dubai,11977.07,10975.373986
4483,Sharjah,11976.06,10975.373986
651,Dubai,11975.17,10975.373986
4913,Dubai,11973.43,10975.373986
4553,Dubai,11972.75,10975.373986
4977,Sharjah,11972.07,10975.373986
17,Sharjah,11971.82,10975.373986
1287,Dubai,11971.15,10975.373986
4805,Dubai,11970.51,10975.373986
2043,Abu Dhabi,11970.17,10975.373986
3617,Abu Dhabi,11969.62,10975.373986
4983,Dubai,11968.34,10975.373986
3327,Abu Dhabi,11967.12,10975.373986
2906,Sharjah,11965.37,10975.373986
3321,Dubai,11963.32,10975.373986
4038,Sharjah,11962.92,10975.373986
60,Dubai,11961.66,10975.373986
4329,Dubai,11959.69,10975.373986
2081,Sharjah,11959.14,10975.373986
4168,Dubai,11959.00,10975.373986
4703,Abu Dhabi,11958.52,10975.373986
731,Dubai,11958.42,10975.373986
2208,Sharjah,11957.45,10975.373986
4876,Dubai,11956.73,10975.373986
2762,Sharjah,11956.57,10975.373986
223,Dubai,11956.16,10975.373986
507,Abu Dhabi,11953.49,10975.373986
4786,Abu Dhabi,11953.49,10975.373986
3572,Sharjah,11953.34,10975.373986
352,Dubai,11951.86,10975.373986
4655,Dubai,11951.29,10975.373986
3348,Sharjah,11949.79,10975.373986
2598,Sharjah,11948.05,10975.373986
1078,Sharjah,11947.68,10975.373986
3303,Abu Dhabi,11946.87,10975.373986
1474,Abu Dhabi,11946.46,10975.373986
1729,Abu Dhabi,11945.86,10975.373986
1365,Abu Dhabi,11945.77,10975.373986
2176,Dubai,11945.40,10975.373986
1850,Dubai,11945.02,10975.373986
3645,Abu Dhabi,11943.73,10975.373986
3390,Sharjah,11943.33,10975.373986
2424,Abu Dhabi,11943.33,10975.373986
527,Dubai,11942.71,10975.373986
880,Sharjah,11942.49,10975.373986
4065,Dubai,11941.96,10975.373986
2980,Dubai,11940.84,10975.373986
991,Dubai,11939.15,10975.373986
3488,Dubai,11939.14,10975.373986
2086,Dubai,11938.11,10975.373986
4173,Abu Dhabi,11937.62,10975.373986
611,Dubai,11937.36,10975.373986
231,Abu Dhabi,11937.25,10975.373986
3583,Dubai,11937.13,10975.373986
3330,Sharjah,11937.10,10975.373986
2470,Abu Dhabi,11936.07,10975.373986
3839,Abu Dhabi,11935.39,10975.373986
4373,Dubai,11935.26,10975.373986
3140,Dubai,11935.17,10975.373986
4180,Abu Dhabi,11932.28,10975.373986
4193,Dubai,11932.08,10975.373986
136,Dubai,11929.84,10975.373986
3696,Dubai,11928.93,10975.373986
2407,Dubai,11927.15,10975.373986
811,Abu Dhabi,11922.64,10975.373986
618,Sharjah,11922.31,10975.373986
2898,Sharjah,11921.72,10975.373986
712,Sharjah,11918.60,10975.373986
2266,Dubai,11918.26,10975.373986
649,Dubai,11918.18,10975.373986
2670,Sharjah,11914.89,10975.373986
4854,Dubai,11914.82,10975.373986
2824,Dubai,11912.04,10975.373986
2462,Dubai,11911.42,10975.373986
3365,Sharjah,11910.74,10975.373986
4828,Abu Dhabi,11910.54,10975.373986
2622,Dubai,11910.20,10975.373986
3202,Abu Dhabi,11909.23,10975.373986
1208,Abu Dhabi,11909.23,10975.373986
4576,Abu Dhabi,11903.70,10975.373986
3089,Dubai,11902.14,10975.373986
955,Sharjah,11902.00,10975.373986
825,Sharjah,11898.04,10975.373986
1938,Dubai,11897.78,10975.373986
3266,Sharjah,11897.36,10975.373986
1694,Dubai,11896.86,10975.373986
4508,Sharjah,11896.73,10975.373986
1507,Dubai,11896.46,10975.373986
3642,Dubai,11896.19,10975.373986
468,Dubai,11895.24,10975.373986
3324,Dubai,11893.99,10975.373986
2614,Dubai,11891.76,10975.373986
1853,Dubai,11891.53,10975.373986
2469,Abu Dhabi,11891.23,10975.373986
2910,Dubai,11890.28,10975.373986
2840,Abu Dhabi,11888.28,10975.373986
3134,Dubai,11887.78,10975.373986
463,Sharjah,11887.26,10975.373986
854,Sharjah,11885.87,10975.373986
4648,Dubai,11885.02,10975.373986
2212,Sharjah,11883.99,10975.373986
2397,Dubai,11883.62,10975.373986
1534,Dubai,11883.16,10975.373986
4197,Dubai,11877.84,10975.373986
147,Dubai,11877.51,10975.373986
4213,Dubai,11876.23,10975.373986
2409,Dubai,11876.21,10975.373986
4122,Sharjah,11874.30,10975.373986
3735,Sharjah,11869.09,10975.373986
2839,Dubai,11868.93,10975.373986
2793,Abu Dhabi,11868.50,10975.373986
213,Dubai,11867.66,10975.373986
214,Dubai,11866.20,10975.373986
1984,Abu Dhabi,11864.52,10975.373986
4960,Sharjah,11864.43,10975.373986
1062,Dubai,11864.39,10975.373986
858,Abu Dhabi,11864.17,10975.373986
4597,Abu Dhabi,11860.86,10975.373986
4110,Sharjah,11857.35,10975.373986
3289,Dubai,11857.02,10975.373986
1197,Sharjah,11854.79,10975.373986
4244,Dubai,11852.37,10975.373986
3512,Dubai,11851.71,10975.373986
3139,Abu Dhabi,11850.65,10975.373986
2089,Dubai,11850.54,10975.373986
4043,Sharjah,11847.87,10975.373986
1230,Dubai,11847.34,10975.373986
1000,Dubai,11847.27,10975.373986
481,Abu Dhabi,11847.03,10975.373986
911,Abu Dhabi,11846.98,10975.373986
561,Sharjah,11846.78,10975.373986
51,Dubai,11846.69,10975.373986
4887,Dubai,11845.09,10975.373986
3598,Abu Dhabi,11844.17,10975.373986
9,Dubai,11842.68,10975.373986
2416,Dubai,11842.28,10975.373986
734,Dubai,11841.55,10975.373986
1245,Dubai,11840.76,10975.373986
1100,Dubai,11840.64,10975.373986
2973,Abu Dhabi,11837.57,10975.373986
3675,Dubai,11836.90,10975.373986
1003,Sharjah,11836.86,10975.373986
3796,Dubai,11835.15,10975.373986
409,Sharjah,11835.10,10975.373986
3874,Dubai,11835.05,10975.373986
802,Dubai,11834.84,10975.373986
2595,Dubai,11834.32,10975.373986
3480,Abu Dhabi,11834.29,10975.373986
4305,Sharjah,11833.34,10975.373986
2918,Sharjah,11832.83,10975.373986
4243,Dubai,11832.65,10975.373986
4050,Abu Dhabi,11831.90,10975.373986
4736,Abu Dhabi,11831.36,10975.373986
3183,Dubai,11830.85,10975.373986
1031,Abu Dhabi,11829.57,10975.373986
276,Dubai,11827.54,10975.373986
1298,Dubai,11827.17,10975.373986
533,Abu Dhabi,11824.60,10975.373986
4302,Dubai,11824.38,10975.373986
3921,Abu Dhabi,11823.54,10975.373986
2880,Dubai,11823.32,10975.373986
1810,Sharjah,11821.01,10975.373986
1077,Dubai,11820.79,10975.373986
2798,Abu Dhabi,11820.28,10975.373986
2319,Abu Dhabi,11820.02,10975.373986
4879,Dubai,11818.39,10975.373986
2314,Abu Dhabi,11816.26,10975.373986
3699,Dubai,11813.74,10975.373986
1926,Dubai,11813.45,10975.373986
3704,Abu Dhabi,11812.85,10975.373986
1002,Dubai,11812.62,10975.373986
3044,Dubai,11811.17,10975.373986
1468,Abu Dhabi,11809.41,10975.373986
3052,Dubai,11808.62,10975.373986
2306,Dubai,11807.43,10975.373986
3616,Sharjah,11806.69,10975.373986
1357,Dubai,11806.08,10975.373986
3119,Dubai,11805.86,10975.373986
4916,Abu Dhabi,11805.76,10975.373986
549,Dubai,11805.44,10975.373986
1813,Dubai,11804.51,10975.373986
1560,Abu Dhabi,11804.46,10975.373986
3287,Abu Dhabi,11804.44,10975.373986
3371,Sharjah,11804.07,10975.373986
2830,Dubai,11803.99,10975.373986
4277,Dubai,11803.82,10975.373986
2336,Dubai,11803.48,10975.373986
1142,Abu Dhabi,11803.04,10975.373986
4100,Dubai,11802.04,10975.373986
4456,Dubai,11800.94,10975.373986
3968,Dubai,11800.90,10975.373986
4637,Sharjah,11800.82,10975.373986
3624,Dubai,11800.68,10975.373986
1599,Dubai,11798.26,10975.373986
2000,Sharjah,11796.76,10975.373986
3992,Abu Dhabi,11794.09,10975.373986
1703,Sharjah,11793.05,10975.373986
1716,Dubai,11792.91,10975.373986
1198,Abu Dhabi,11791.55,10975.373986
2141,Sharjah,11790.14,10975.373986
1148,Dubai,11790.03,10975.373986
4146,Sharjah,11789.25,10975.373986
1285,Dubai,11787.91,10975.373986
4638,Abu Dhabi,11786.75,10975.373986
4981,Dubai,11786.56,10975.373986
1594,Abu Dhabi,11784.26,10975.373986
2526,Dubai,11783.94,10975.373986
3066,Sharjah,11783.34,10975.373986
1405,Abu Dhabi,11782.76,10975.373986
1695,Abu Dhabi,11782.70,10975.373986
2684,Dubai,11782.29,10975.373986
350,Sharjah,11780.97,10975.373986
1677,Abu Dhabi,11778.44,10975.373986
295,Abu Dhabi,11777.23,10975.373986
3988,Dubai,11776.07,10975.373986
4352,Abu Dhabi,11775.82,10975.373986
4317,Dubai,11774.22,10975.373986
338,Abu Dhabi,11773.74,10975.373986
1437,Sharjah,11772.61,10975.373986
1900,Dubai,11771.71,10975.373986
1154,Dubai,11771.58,10975.373986
4751,Abu Dhabi,11771.39,10975.373986
2283,Dubai,11771.30,10975.373986
4085,Abu Dhabi,11768.78,10975.373986
3376,Abu Dhabi,11768.50,10975.373986
535,Sharjah,11765.52,10975.373986
1691,Abu Dhabi,11764.01,10975.373986
1498,Dubai,11763.69,10975.373986
105,Dubai,11763.57,10975.373986
4448,Abu Dhabi,11761.57,10975.373986
230,Dubai,11761.04,10975.373986
542,Abu Dhabi,11759.71,10975.373986
4757,Dubai,11759.37,10975.373986
377,Abu Dhabi,11759.27,10975.373986
3295,Abu Dhabi,11759.13,10975.373986
4564,Sharjah,11756.08,10975.373986
4372,Dubai,11756.07,10975.373986
1453,Abu Dhabi,11754.66,10975.373986
2177,Dubai,11754.44,10975.373986
3726,Dubai,11754.43,10975.373986
1012,Sharjah,11751.25,10975.373986
508,Dubai,11750.29,10975.373986
4075,Sharjah,11750.00,10975.373986
1035,Abu Dhabi,11749.28,10975.373986
3918,Abu Dhabi,11749.11,10975.373986
63,Dubai,11748.36,10975.373986
634,Dubai,11747.30,10975.373986
1064,Abu Dhabi,11746.53,10975.373986
1621,Dubai,11745.96,10975.373986
3723,Dubai,11744.40,10975.373986
4318,Dubai,11743.40,10975.373986
1660,Dubai,11743.17,10975.373986
2186,Dubai,11742.95,10975.373986
4692,Dubai,11742.84,10975.373986
108,Dubai,11741.74,10975.373986
4273,Dubai,11741.71,10975.373986
3936,Abu Dhabi,11741.23,10975.373986
612,Dubai,11741.05,10975.373986
1358,Dubai,11740.87,10975.373986
3102,Sharjah,11739.20,10975.373986
4612,Abu Dhabi,11737.81,10975.373986
1452,Sharjah,11737.43,10975.373986
2731,Sharjah,11734.74,10975.373986
504,Sharjah,11734.60,10975.373986
3965,Abu Dhabi,11734.52,10975.373986
4102,Abu Dhabi,11733.81,10975.373986
306,Dubai,11733.77,10975.373986
1009,Abu Dhabi,11733.63,10975.373986
1402,Dubai,11733.53,10975.373986
4139,Abu Dhabi,11732.60,10975.373986
4333,Sharjah,11732.16,10975.373986
354,Sharjah,11731.40,10975.373986
1628,Dubai,11731.14,10975.373986
1194,Dubai,11728.85,10975.373986
2570,Dubai,11725.26,10975.373986
4924,Abu Dhabi,11722.01,10975.373986
3664,Sharjah,11720.93,10975.373986
639,Dubai,11720.32,10975.373986
4236,Abu Dhabi,11719.95,10975.373986
70,Dubai,11718.64,10975.373986
2557,Sharjah,11715.37,10975.373986
1086,Abu Dhabi,11715.15,10975.373986
3816,Dubai,11714.84,10975.373986
1478,Dubai,11714.56,10975.373986
3456,Dubai,11714.34,10975.373986
4269,Abu Dhabi,11714.23,10975.373986
3195,Dubai,11713.75,10975.373986
1542,Abu Dhabi,11711.49,10975.373986
191,Dubai,11710.97,10975.373986
2483,Dubai,11709.90,10975.373986
4416,Abu Dhabi,11709.64,10975.373986
104,Sharjah,11708.36,10975.373986
4240,Dubai,11708.25,10975.373986
1711,Dubai,11706.58,10975.373986
1718,Abu Dhabi,11705.42,10975.373986
626,Dubai,11705.01,10975.373986
1380,Abu Dhabi,11703.99,10975.373986
4235,Dubai,11702.86,10975.373986
2309,Abu Dhabi,11702.23,10975.373986
1749,Sharjah,11701.44,10975.373986
3343,Dubai,11700.97,10975.373986
447,Dubai,11700.25,10975.373986
2479,Dubai,11699.59,10975.373986
2630,Dubai,11699.38,10975.373986
1265,Sharjah,11699.24,10975.373986
3788,Abu Dhabi,11699.04,10975.373986
4818,Abu Dhabi,11697.17,10975.373986
4294,Sharjah,11696.07,10975.373986
4944,Sharjah,11695.98,10975.373986
4331,Abu Dhabi,11695.84,10975.373986
723,Dubai,11694.72,10975.373986
1095,Dubai,11694.31,10975.373986
1551,Abu Dhabi,11693.90,10975.373986
1787,Dubai,11692.04,10975.373986
3758,Abu Dhabi,11691.13,10975.373986
2874,Dubai,11691.06,10975.373986
3880,Abu Dhabi,11690.81,10975.373986
3383,Dubai,11690.50,10975.373986
1401,Abu Dhabi,11688.44,10975.373986
728,Abu Dhabi,11686.99,10975.373986
4651,Sharjah,11686.76,10975.373986
3911,Dubai,11684.51,10975.373986
2538,Dubai,11683.74,10975.373986
4417,Sharjah,11683.35,10975.373986
4480,Dubai,11683.21,10975.373986
4304,Dubai,11682.38,10975.373986
4490,Sharjah,11682.14,10975.373986
892,Dubai,11681.89,10975.373986
75,Dubai,11681.75,10975.373986
1912,Sharjah,11681.70,10975.373986
2516,Sharjah,11681.14,10975.373986
1213,Dubai,11679.29,10975.373986
3712,Dubai,11677.49,10975.373986
617,Dubai,11676.85,10975.373986
2413,Dubai,11673.95,10975.373986
972,Dubai,11672.17,10975.373986
2581,Dubai,11669.36,10975.373986
4782,Abu Dhabi,11668.70,10975.373986
2576,Dubai,11668.27,10975.373986
2499,Abu Dhabi,11658.40,10975.373986
1394,Dubai,11657.39,10975.373986
1264,Sharjah,11655.92,10975.373986
3471,Dubai,11655.03,10975.373986
4493,Dubai,11653.43,10975.373986
3238,Sharjah,11651.56,10975.373986
940,Dubai,11651.18,10975.373986
107,Abu Dhabi,11649.64,10975.373986
2510,Sharjah,11646.57,10975.373986
1328,Abu Dhabi,11645.03,10975.373986
4868,Dubai,11644.77,10975.373986
195,Abu Dhabi,11642.71,10975.373986
1981,Dubai,11641.32,10975.373986
4118,Dubai,11640.70,10975.373986
2280,Dubai,11639.97,10975.373986
4775,Dubai,11639.55,10975.373986
2180,Abu Dhabi,11638.22,10975.373986
596,Sharjah,11637.94,10975.373986
5000,Dubai,11637.86,10975.373986
1239,Dubai,11635.99,10975.373986
1057,Abu Dhabi,11635.82,10975.373986
2551,Abu Dhabi,11635.14,10975.373986
1081,Dubai,11634.83,10975.373986
3725,Abu Dhabi,11634.43,10975.373986
2669,Dubai,11633.28,10975.373986
3943,Dubai,11631.77,10975.373986
4290,Abu Dhabi,11631.68,10975.373986
937,Dubai,11630.91,10975.373986
3631,Dubai,11627.46,10975.373986
1480,Dubai,11625.35,10975.373986
2877,Abu Dhabi,11625.26,10975.373986
1566,Dubai,11625.19,10975.373986
4395,Dubai,11625.17,10975.373986
402,Abu Dhabi,11624.19,10975.373986
253,Dubai,11622.64,10975.373986
812,Dubai,11622.47,10975.373986
4174,Abu Dhabi,11622.03,10975.373986
3247,Sharjah,11621.16,10975.373986
2729,Sharjah,11620.35,10975.373986
1894,Abu Dhabi,11619.57,10975.373986
4299,Dubai,11618.56,10975.373986
669,Abu Dhabi,11617.43,10975.373986
1751,Dubai,11616.19,10975.373986
2429,Sharjah,11615.70,10975.373986
3724,Dubai,11613.83,10975.373986
4124,Abu Dhabi,11612.50,10975.373986
3080,Abu Dhabi,11611.20,10975.373986
3377,Abu Dhabi,11610.13,10975.373986
2265,Abu Dhabi,11609.77,10975.373986
1423,Abu Dhabi,11608.43,10975.373986
2003,Dubai,11606.02,10975.373986
2106,Dubai,11605.53,10975.373986
4861,Sharjah,11603.99,10975.373986
4023,Dubai,11602.69,10975.373986
2819,Abu Dhabi,11602.29,10975.373986
363,Abu Dhabi,11601.55,10975.373986
1253,Dubai,11599.26,10975.373986
1518,Abu Dhabi,11598.67,10975.373986
3314,Dubai,11598.02,10975.373986
4037,Dubai,11597.22,10975.373986
2608,Dubai,11595.68,10975.373986
2073,Sharjah,11592.01,10975.373986
3973,Dubai,11592.00,10975.373986
4320,Sharjah,11588.51,10975.373986
3553,Abu Dhabi,11588.14,10975.373986
521,Dubai,11587.24,10975.373986
3025,Sharjah,11586.45,10975.373986
4413,Dubai,11583.40,10975.373986
1400,Dubai,11582.86,10975.373986
1558,Abu Dhabi,11582.29,10975.373986
2055,Sharjah,11581.37,10975.373986
4930,Sharjah,11580.31,10975.373986
3527,Sharjah,11580.27,10975.373986
961,Abu Dhabi,11579.90,10975.373986
2846,Abu Dhabi,11579.56,10975.373986
98,Dubai,11578.71,10975.373986
1319,Abu Dhabi,11576.09,10975.373986
4217,Sharjah,11574.77,10975.373986
40,Sharjah,11573.45,10975.373986
4834,Dubai,11573.13,10975.373986
4601,Dubai,11572.01,10975.373986
3588,Dubai,11570.76,10975.373986
2239,Abu Dhabi,11569.96,10975.373986
1263,Abu Dhabi,11565.51,10975.373986
2956,Abu Dhabi,11564.70,10975.373986
531,Dubai,11564.55,10975.373986
1033,Dubai,11564.17,10975.373986
1386,Abu Dhabi,11563.53,10975.373986
4010,Dubai,11563.22,10975.373986
4003,Abu Dhabi,11561.97,10975.373986
2680,Abu Dhabi,11561.63,10975.373986
4427,Dubai,11558.26,10975.373986
3199,Dubai,11557.95,10975.373986
4778,Sharjah,11550.55,10975.373986
440,Abu Dhabi,11549.30,10975.373986
1808,Dubai,11548.04,10975.373986
2587,Dubai,11547.37,10975.373986
944,Dubai,11547.15,10975.373986
3565,Abu Dhabi,11547.06,10975.373986
3244,Dubai,11545.85,10975.373986
935,Abu Dhabi,11545.03,10975.373986
580,Dubai,11541.29,10975.373986
3633,Abu Dhabi,11538.70,10975.373986
2757,Dubai,11538.10,10975.373986
4618,Dubai,11536.47,10975.373986
941,Abu Dhabi,11536.35,10975.373986
589,Abu Dhabi,11536.18,10975.373986
4454,Dubai,11535.94,10975.373986
235,Abu Dhabi,11532.76,10975.373986
3182,Abu Dhabi,11530.38,10975.373986
3885,Sharjah,11527.07,10975.373986
2999,Sharjah,11523.67,10975.373986
3940,Sharjah,11523.52,10975.373986
4938,Dubai,11523.52,10975.373986
1954,Dubai,11522.98,10975.373986
2291,Sharjah,11522.12,10975.373986
3666,Abu Dhabi,11522.08,10975.373986
4046,Dubai,11517.92,10975.373986
257,Sharjah,11517.79,10975.373986
510,Sharjah,11517.68,10975.373986
3361,Sharjah,11516.26,10975.373986
2515,Dubai,11515.12,10975.373986
3112,Dubai,11514.89,10975.373986
1533,Abu Dhabi,11514.32,10975.373986
3767,Dubai,11513.81,10975.373986
3499,Abu Dhabi,11508.18,10975.373986
4297,Abu Dhabi,11507.96,10975.373986
459,Sharjah,11507.59,10975.373986
3261,Dubai,11507.20,10975.373986
3578,Sharjah,11507.19,10975.373986
4726,Dubai,11507.10,10975.373986
1570,Abu Dhabi,11506.93,10975.373986
2071,Abu Dhabi,11506.60,10975.373986
27,Sharjah,11505.40,10975.373986
579,Abu Dhabi,11503.12,10975.373986
4831,Dubai,11502.75,10975.373986
170,Abu Dhabi,11501.92,10975.373986
3900,Dubai,11501.65,10975.373986
2022,Abu Dhabi,11501.27,10975.373986
4229,Dubai,11500.81,10975.373986
4540,Sharjah,11500.36,10975.373986
480,Dubai,11500.27,10975.373986
3595,Abu Dhabi,11499.62,10975.373986
4698,Dubai,11498.94,10975.373986
4166,Abu Dhabi,11490.59,10975.373986
1574,Dubai,11490.37,10975.373986
3963,Abu Dhabi,11488.58,10975.373986
2472,Sharjah,11488.08,10975.373986
4399,Sharjah,11485.97,10975.373986
2850,Dubai,11485.45,10975.373986
3124,Dubai,11480.04,10975.373986
289,Sharjah,11478.85,10975.373986
3692,Abu Dhabi,11477.33,10975.373986
1020,Abu Dhabi,11475.12,10975.373986
3494,Dubai,11473.97,10975.373986
2921,Sharjah,11472.88,10975.373986
541,Sharjah,11472.63,10975.373986
351,Sharjah,11472.53,10975.373986
2959,Sharjah,11471.90,10975.373986
462,Dubai,11471.80,10975.373986
4937,Sharjah,11470.99,10975.373986
1114,Dubai,11470.89,10975.373986
238,Abu Dhabi,11468.22,10975.373986
123,Abu Dhabi,11467.27,10975.373986
2585,Dubai,11465.89,10975.373986
3501,Abu Dhabi,11464.62,10975.373986
1410,Dubai,11462.89,10975.373986
2221,Dubai,11460.56,10975.373986
3273,Sharjah,11460.34,10975.373986
4806,Dubai,11458.86,10975.373986
1236,Sharjah,11458.41,10975.373986
1106,Dubai,11457.71,10975.373986
657,Dubai,11457.62,10975.373986
3226,Sharjah,11454.01,10975.373986
4627,Sharjah,11453.92,10975.373986
3736,Dubai,11452.61,10975.373986
2596,Dubai,11451.53,10975.373986
2035,Dubai,11449.55,10975.373986
1756,Dubai,11446.89,10975.373986
2841,Sharjah,11445.10,10975.373986
2615,Abu Dhabi,11445.07,10975.373986
2791,Abu Dhabi,11444.36,10975.373986
3550,Dubai,11444.30,10975.373986
4939,Dubai,11444.26,10975.373986
4310,Dubai,11443.71,10975.373986
1593,Sharjah,11443.39,10975.373986
4390,Abu Dhabi,11443.16,10975.373986
493,Abu Dhabi,11441.37,10975.373986
496,Dubai,11440.27,10975.373986
1539,Dubai,11440.22,10975.373986
836,Sharjah,11439.56,10975.373986
2426,Dubai,11439.40,10975.373986
2345,Sharjah,11439.03,10975.373986
4016,Dubai,11438.98,10975.373986
3452,Dubai,11436.87,10975.373986
3179,Sharjah,11436.44,10975.373986
749,Sharjah,11434.76,10975.373986
4605,Dubai,11433.67,10975.373986
4466,Sharjah,11432.53,10975.373986
1006,Dubai,11431.68,10975.373986
1260,Abu Dhabi,11427.80,10975.373986
2884,Sharjah,11427.64,10975.373986
11,Abu Dhabi,11427.49,10975.373986
2513,Dubai,11427.22,10975.373986
4204,Abu Dhabi,11426.74,10975.373986
3099,Abu Dhabi,11426.01,10975.373986
1310,Dubai,11425.54,10975.373986
1228,Dubai,11425.44,10975.373986
1702,Sharjah,11425.35,10975.373986
1190,Abu Dhabi,11423.60,10975.373986
2365,Dubai,11422.71,10975.373986
3832,Abu Dhabi,11421.92,10975.373986
3441,Abu Dhabi,11421.43,10975.373986
4789,Abu Dhabi,11421.20,10975.373986
4142,Dubai,11419.13,10975.373986
4438,Abu Dhabi,11415.66,10975.373986
2914,Dubai,11414.79,10975.373986
938,Dubai,11411.59,10975.373986
3326,Dubai,11410.53,10975.373986
933,Dubai,11409.39,10975.373986
2765,Dubai,11409.27,10975.373986
4468,Dubai,11409.20,10975.373986
3531,Dubai,11408.58,10975.373986
1876,Sharjah,11408.48,10975.373986
990,Abu Dhabi,11407.16,10975.373986
1063,Dubai,11406.90,10975.373986
417,Dubai,11405.88,10975.373986
767,Abu Dhabi,11405.37,10975.373986
4793,Dubai,11404.84,10975.373986
1877,Dubai,11404.67,10975.373986
3224,Dubai,11401.22,10975.373986
3604,Sharjah,11399.49,10975.373986
3823,Dubai,11396.53,10975.373986
2639,Abu Dhabi,11396.27,10975.373986
2517,Abu Dhabi,11395.52,10975.373986
4973,Dubai,11395.27,10975.373986
1112,Dubai,11393.78,10975.373986
1138,Dubai,11392.52,10975.373986
2458,Dubai,11391.14,10975.373986
2355,Sharjah,11389.53,10975.373986
2715,Dubai,11389.35,10975.373986
4717,Dubai,11388.73,10975.373986
960,Sharjah,11387.20,10975.373986
46,Abu Dhabi,11385.59,10975.373986
1750,Dubai,11384.07,10975.373986
908,Dubai,11383.90,10975.373986
598,Dubai,11383.77,10975.373986
4644,Abu Dhabi,11383.54,10975.373986
3135,Dubai,11382.40,10975.373986
278,Dubai,11381.52,10975.373986
4422,Dubai,11379.62,10975.373986
1041,Dubai,11379.01,10975.373986
1126,Dubai,11378.00,10975.373986
397,Abu Dhabi,11376.21,10975.373986
2831,Dubai,11374.44,10975.373986
2436,Sharjah,11372.39,10975.373986
1121,Dubai,11372.15,10975.373986
2985,Dubai,11371.15,10975.373986
1192,Abu Dhabi,11370.59,10975.373986
133,Dubai,11368.45,10975.373986
4974,Abu Dhabi,11367.57,10975.373986
837,Abu Dhabi,11366.18,10975.373986
4430,Abu Dhabi,11364.24,10975.373986
1661,Abu Dhabi,11363.17,10975.373986
2675,Dubai,11363.16,10975.373986
3319,Abu Dhabi,11362.89,10975.373986
2366,Dubai,11361.17,10975.373986
151,Dubai,11361.16,10975.373986
4172,Dubai,11360.96,10975.373986
4962,Dubai,11360.54,10975.373986
2120,Abu Dhabi,11360.12,10975.373986
4579,Dubai,11359.95,10975.373986
3003,Dubai,11359.94,10975.373986
2200,Sharjah,11359.80,10975.373986
4872,Sharjah,11359.16,10975.373986
2158,Dubai,11358.17,10975.373986
4727,Abu Dhabi,11357.76,10975.373986
2284,Sharjah,11357.65,10975.373986
551,Abu Dhabi,11356.93,10975.373986
3618,Abu Dhabi,11355.33,10975.373986
1119,Sharjah,11355.02,10975.373986
3277,Dubai,11354.99,10975.373986
4863,Dubai,11352.98,10975.373986
3703,Dubai,11348.86,10975.373986
4526,Sharjah,11348.09,10975.373986
1627,Sharjah,11347.24,10975.373986
4976,Dubai,11346.90,10975.373986
1612,Sharjah,11346.62,10975.373986
963,Abu Dhabi,11345.73,10975.373986
1458,Sharjah,11344.58,10975.373986
1342,Abu Dhabi,11343.52,10975.373986
411,Dubai,11343.15,10975.373986
3569,Dubai,11342.38,10975.373986
4743,Dubai,11341.69,10975.373986
2440,Sharjah,11341.63,10975.373986
3810,Abu Dhabi,11338.73,10975.373986
4105,Dubai,11338.25,10975.373986
3245,Sharjah,11338.15,10975.373986
3323,Sharjah,11337.45,10975.373986
959,Sharjah,11335.18,10975.373986
2643,Abu Dhabi,11334.75,10975.373986
4149,Abu Dhabi,11333.25,10975.373986
2058,Abu Dhabi,11333.20,10975.373986
564,Sharjah,11332.30,10975.373986
323,Dubai,11332.03,10975.373986
399,Abu Dhabi,11330.57,10975.373986
953,Abu Dhabi,11327.81,10975.373986
1252,Dubai,11325.77,10975.373986
3720,Dubai,11325.67,10975.373986
2618,Dubai,11325.48,10975.373986
4509,Abu Dhabi,11322.91,10975.373986
3237,Dubai,11322.90,10975.373986
298,Abu Dhabi,11322.22,10975.373986
867,Sharjah,11316.27,10975.373986
1373,Dubai,11315.13,10975.373986
1409,Sharjah,11312.69,10975.373986
373,Dubai,11312.09,10975.373986
1697,Abu Dhabi,11309.75,10975.373986
174,Dubai,11308.52,10975.373986
1107,Sharjah,11308.51,10975.373986
1140,Dubai,11307.79,10975.373986
2616,Sharjah,11307.65,10975.373986
116,Dubai,11305.57,10975.373986
2048,Sharjah,11304.90,10975.373986
415,Dubai,11304.71,10975.373986
2620,Abu Dhabi,11303.83,10975.373986
4849,Dubai,11302.86,10975.373986
3508,Abu Dhabi,11302.81,10975.373986
3818,Dubai,11301.64,10975.373986
2189,Abu Dhabi,11299.98,10975.373986
4943,Dubai,11299.58,10975.373986
524,Sharjah,11299.11,10975.373986
3305,Dubai,11298.22,10975.373986
1495,Sharjah,11297.60,10975.373986
1524,Abu Dhabi,11296.81,10975.373986
3041,Dubai,11296.62,10975.373986
4144,Sharjah,11296.03,10975.373986
13,Abu Dhabi,11294.83,10975.373986
3249,Abu Dhabi,11294.59,10975.373986
3848,Abu Dhabi,11294.06,10975.373986
2713,Sharjah,11292.56,10975.373986
3264,Dubai,11292.31,10975.373986
331,Dubai,11289.59,10975.373986
2297,Abu Dhabi,11288.58,10975.373986
2211,Abu Dhabi,11287.22,10975.373986
1355,Abu Dhabi,11286.23,10975.373986
441,Dubai,11285.55,10975.373986
2640,Sharjah,11285.05,10975.373986
931,Dubai,11284.64,10975.373986
2358,Abu Dhabi,11282.85,10975.373986
1963,Dubai,11281.82,10975.373986
1479,Abu Dhabi,11278.54,10975.373986
2353,Dubai,11277.63,10975.373986
3297,Dubai,11276.29,10975.373986
1609,Sharjah,11275.65,10975.373986
4600,Dubai,11275.25,10975.373986
182,Sharjah,11274.72,10975.373986
4210,Dubai,11274.20,10975.373986
698,Sharjah,11273.92,10975.373986
2687,Sharjah,11273.59,10975.373986
1442,Dubai,11272.62,10975.373986
4507,Dubai,11272.27,10975.373986
4754,Dubai,11270.23,10975.373986
3938,Dubai,11270.00,10975.373986
2231,Dubai,11268.55,10975.373986
4683,Sharjah,11267.79,10975.373986
729,Abu Dhabi,11264.58,10975.373986
1924,Abu Dhabi,11264.25,10975.373986
3693,Sharjah,11264.24,10975.373986
910,Abu Dhabi,11262.26,10975.373986
1644,Abu Dhabi,11261.71,10975.373986
662,Sharjah,11261.19,10975.373986
2428,Abu Dhabi,11259.63,10975.373986
4763,Dubai,11259.48,10975.373986
1758,Dubai,11258.71,10975.373986
1268,Dubai,11256.25,10975.373986
1826,Abu Dhabi,11255.53,10975.373986
546,Dubai,11254.69,10975.373986
1562,Abu Dhabi,11254.35,10975.373986
4569,Dubai,11253.92,10975.373986
4633,Sharjah,11251.51,10975.373986
3976,Dubai,11251.20,10975.373986
986,Dubai,11250.85,10975.373986
2720,Dubai,11249.75,10975.373986
2475,Dubai,11249.49,10975.373986
1083,Dubai,11249.21,10975.373986
2227,Abu Dhabi,11249.21,10975.373986
1045,Abu Dhabi,11248.16,10975.373986
2976,Abu Dhabi,11247.19,10975.373986
1058,Abu Dhabi,11245.31,10975.373986
3447,Dubai,11245.09,10975.373986
1046,Dubai,11238.68,10975.373986
1796,Dubai,11238.17,10975.373986
3104,Sharjah,11238.05,10975.373986
1209,Dubai,11237.79,10975.373986
640,Dubai,11237.32,10975.373986
1023,Dubai,11237.17,10975.373986
4262,Dubai,11235.82,10975.373986
3477,Dubai,11235.42,10975.373986
593,Abu Dhabi,11233.58,10975.373986
2233,Dubai,11231.36,10975.373986
1068,Abu Dhabi,11229.83,10975.373986
2540,Dubai,11228.66,10975.373986
721,Dubai,11227.97,10975.373986
1637,Dubai,11227.80,10975.373986
520,Abu Dhabi,11227.60,10975.373986
2782,Abu Dhabi,11227.27,10975.373986
1828,Abu Dhabi,11225.98,10975.373986
3545,Dubai,11225.65,10975.373986
144,Sharjah,11223.87,10975.373986
3505,Abu Dhabi,11223.79,10975.373986
2092,Sharjah,11223.53,10975.373986
4533,Abu Dhabi,11219.32,10975.373986
3708,Abu Dhabi,11219.06,10975.373986
1270,Dubai,11218.79,10975.373986
636,Sharjah,11218.15,10975.373986
2311,Abu Dhabi,11217.86,10975.373986
1122,Sharjah,11217.21,10975.373986
2159,Dubai,11216.06,10975.373986
1294,Dubai,11215.91,10975.373986
4230,Dubai,11215.74,10975.373986
985,Dubai,11215.44,10975.373986
4428,Abu Dhabi,11215.39,10975.373986
115,Abu Dhabi,11214.24,10975.373986
4358,Sharjah,11214.11,10975.373986
719,Dubai,11212.50,10975.373986
1720,Dubai,11211.45,10975.373986
1164,Dubai,11210.38,10975.373986
1928,Sharjah,11208.66,10975.373986
3895,Abu Dhabi,11206.29,10975.373986
4613,Abu Dhabi,11205.36,10975.373986
1187,Abu Dhabi,11204.90,10975.373986
2294,Dubai,11204.43,10975.373986
3960,Abu Dhabi,11202.22,10975.373986
16,Abu Dhabi,11201.61,10975.373986
416,Dubai,11200.18,10975.373986
2817,Dubai,11200.09,10975.373986
514,Dubai,11196.21,10975.373986
2702,Dubai,11196.09,10975.373986
3908,Dubai,11195.24,10975.373986
4883,Dubai,11194.85,10975.373986
1987,Dubai,11194.01,10975.373986
2115,Dubai,11193.74,10975.373986
2678,Dubai,11193.15,10975.373986
4279,Dubai,11192.69,10975.373986
2260,Dubai,11191.94,10975.373986
2102,Dubai,11191.12,10975.373986
4570,Dubai,11190.30,10975.373986
3370,Dubai,11188.73,10975.373986
553,Abu Dhabi,11188.63,10975.373986
3258,Sharjah,11187.61,10975.373986
1511,Abu Dhabi,11186.73,10975.373986
3347,Dubai,11185.70,10975.373986
832,Sharjah,11185.41,10975.373986
3762,Abu Dhabi,11185.30,10975.373986
3592,Dubai,11184.68,10975.373986
181,Abu Dhabi,11183.74,10975.373986
3123,Sharjah,11183.14,10975.373986
3129,Abu Dhabi,11182.68,10975.373986
4289,Abu Dhabi,11179.71,10975.373986
4680,Sharjah,11178.80,10975.373986
3835,Dubai,11178.59,10975.373986
3928,Abu Dhabi,11178.09,10975.373986
2506,Abu Dhabi,11176.95,10975.373986
2635,Dubai,11174.72,10975.373986
981,Dubai,11174.28,10975.373986
3754,Sharjah,11174.24,10975.373986
528,Dubai,11173.31,10975.373986
3897,Dubai,11173.08,10975.373986
1390,Dubai,11173.01,10975.373986
3547,Dubai,11172.20,10975.373986
3697,Sharjah,11170.62,10975.373986
3586,Dubai,11168.37,10975.373986
851,Sharjah,11168.07,10975.373986
1988,Sharjah,11165.87,10975.373986
3990,Dubai,11164.79,10975.373986
3753,Dubai,11164.33,10975.373986
1764,Dubai,11163.21,10975.373986
3299,Abu Dhabi,11163.03,10975.373986
3171,Dubai,11162.88,10975.373986
4093,Abu Dhabi,11162.65,10975.373986
3214,Dubai,11162.58,10975.373986
3741,Dubai,11161.40,10975.373986
3551,Abu Dhabi,11160.12,10975.373986
2683,Dubai,11159.62,10975.373986
2848,Dubai,11158.64,10975.373986
3773,Dubai,11156.92,10975.373986
532,Sharjah,11155.49,10975.373986
947,Dubai,11152.53,10975.373986
4025,Dubai,11152.22,10975.373986
1283,Abu Dhabi,11151.52,10975.373986
4989,Abu Dhabi,11148.89,10975.373986
2482,Abu Dhabi,11146.84,10975.373986
2779,Sharjah,11146.63,10975.373986
2450,Sharjah,11144.18,10975.373986
4033,Dubai,11143.96,10975.373986
3529,Dubai,11143.77,10975.373986
2629,Dubai,11142.87,10975.373986
3146,Abu Dhabi,11141.79,10975.373986
4348,Dubai,11139.12,10975.373986
957,Dubai,11138.70,10975.373986
3070,Sharjah,11138.08,10975.373986
209,Sharjah,11137.79,10975.373986
3278,Dubai,11136.73,10975.373986
3398,Abu Dhabi,11136.28,10975.373986
1166,Abu Dhabi,11135.29,10975.373986
2104,Dubai,11131.66,10975.373986
2276,Dubai,11131.53,10975.373986
3020,Dubai,11130.69,10975.373986
4060,Abu Dhabi,11129.61,10975.373986
1125,Dubai,11129.17,10975.373986
2493,Dubai,11129.06,10975.373986
290,Dubai,11127.75,10975.373986
2223,Sharjah,11127.72,10975.373986
3952,Dubai,11127.09,10975.373986
4170,Dubai,11126.91,10975.373986
4473,Abu Dhabi,11126.03,10975.373986
1232,Dubai,11124.77,10975.373986
3186,Dubai,11123.99,10975.373986
3977,Dubai,11121.86,10975.373986
2966,Abu Dhabi,11119.43,10975.373986
578,Dubai,11119.43,10975.373986
1244,Sharjah,11115.76,10975.373986
2882,Dubai,11114.59,10975.373986
692,Abu Dhabi,11114.07,10975.373986
140,Dubai,11113.92,10975.373986
3714,Dubai,11112.61,10975.373986
2644,Abu Dhabi,11108.88,10975.373986
1127,Abu Dhabi,11107.55,10975.373986
607,Sharjah,11106.64,10975.373986
2126,Dubai,11106.51,10975.373986
2897,Dubai,11103.57,10975.373986
4241,Dubai,11103.20,10975.373986
30,Abu Dhabi,11102.65,10975.373986
3335,Dubai,11102.46,10975.373986
1332,Dubai,11102.41,10975.373986
3384,Dubai,11101.75,10975.373986
1989,Dubai,11101.70,10975.373986
1970,Dubai,11101.62,10975.373986
1792,Sharjah,11101.58,10975.373986
2995,Dubai,11099.46,10975.373986
1527,Abu Dhabi,11099.23,10975.373986
2544,Dubai,11099.12,10975.373986
4449,Dubai,11099.11,10975.373986
4365,Sharjah,11098.97,10975.373986
3597,Sharjah,11096.91,10975.373986
2974,Abu Dhabi,11095.64,10975.373986
4681,Dubai,11095.30,10975.373986
1149,Dubai,11094.54,10975.373986
106,Sharjah,11093.94,10975.373986
1666,Abu Dhabi,11093.61,10975.373986
2833,Dubai,11092.37,10975.373986
4113,Abu Dhabi,11092.33,10975.373986
2935,Dubai,11092.30,10975.373986
1857,Sharjah,11091.24,10975.373986
1429,Abu Dhabi,11090.82,10975.373986
2421,Dubai,11087.34,10975.373986
4004,Dubai,11084.99,10975.373986
4220,Abu Dhabi,11084.98,10975.373986
4545,Dubai,11084.52,10975.373986
646,Sharjah,11084.10,10975.373986
476,Dubai,11082.39,10975.373986
2339,Dubai,11081.96,10975.373986
4385,Sharjah,11081.02,10975.373986
4257,Dubai,11079.71,10975.373986
1759,Abu Dhabi,11078.97,10975.373986
3647,Abu Dhabi,11078.88,10975.373986
215,Dubai,11078.10,10975.373986
3176,Dubai,11077.89,10975.373986
31,Dubai,11076.46,10975.373986
2764,Dubai,11076.44,10975.373986
3577,Abu Dhabi,11075.61,10975.373986
3983,Abu Dhabi,11075.34,10975.373986
275,Dubai,11075.26,10975.373986
1160,Dubai,11074.93,10975.373986
885,Dubai,11073.76,10975.373986
4748,Abu Dhabi,11073.19,10975.373986
1428,Dubai,11072.42,10975.373986
2954,Sharjah,11072.06,10975.373986
2555,Dubai,11069.29,10975.373986
914,Dubai,11067.50,10975.373986
3958,Dubai,11067.38,10975.373986
4151,Abu Dhabi,11067.00,10975.373986
4992,Dubai,11066.25,10975.373986
1504,Sharjah,11065.76,10975.373986
609,Dubai,11062.55,10975.373986
879,Sharjah,11061.09,10975.373986
189,Abu Dhabi,11056.77,10975.373986
2253,Abu Dhabi,11055.58,10975.373986
4436,Sharjah,11055.37,10975.373986
2362,Sharjah,11054.72,10975.373986
2799,Sharjah,11054.39,10975.373986
556,Abu Dhabi,11052.81,10975.373986
3130,Abu Dhabi,11051.96,10975.373986
3239,Sharjah,11049.54,10975.373986
4145,Abu Dhabi,11048.19,10975.373986
3386,Abu Dhabi,11047.44,10975.373986
329,Sharjah,11045.82,10975.373986
2418,Dubai,11043.65,10975.373986
220,Dubai,11043.39,10975.373986
2535,Sharjah,11042.19,10975.373986
4125,Abu Dhabi,11038.98,10975.373986
3322,Dubai,11038.15,10975.373986
99,Dubai,11037.88,10975.373986
1918,Dubai,11037.10,10975.373986
1472,Dubai,11036.09,10975.373986
1724,Dubai,11035.91,10975.373986
4761,Abu Dhabi,11035.54,10975.373986
792,Abu Dhabi,11034.77,10975.373986
4892,Dubai,11033.47,10975.373986
3410,Dubai,11032.37,10975.373986
2633,Sharjah,11031.39,10975.373986
1158,Abu Dhabi,11029.37,10975.373986
2029,Abu Dhabi,11028.61,10975.373986
2452,Abu Dhabi,11024.77,10975.373986
3859,Dubai,11023.88,10975.373986
642,Abu Dhabi,11022.34,10975.373986
3095,Sharjah,11022.19,10975.373986
3014,Sharjah,11021.41,10975.373986
3153,Dubai,11020.61,10975.373986
1345,Abu Dhabi,11019.82,10975.373986
1760,Sharjah,11011.24,10975.373986
3713,Dubai,11010.99,10975.373986
4925,Sharjah,11010.88,10975.373986
3128,Dubai,11010.55,10975.373986
4137,Sharjah,11009.50,10975.373986
4303,Abu Dhabi,11009.17,10975.373986
3125,Abu Dhabi,11008.43,10975.373986
3298,Dubai,11007.83,10975.373986
3919,Dubai,11006.14,10975.373986
1740,Dubai,11005.25,10975.373986
1326,Sharjah,11005.03,10975.373986
2193,Sharjah,11003.70,10975.373986
3300,Abu Dhabi,11002.74,10975.373986
2460,Sharjah,11002.53,10975.373986
2,Abu Dhabi,11002.53,10975.373986
1889,Dubai,11002.16,10975.373986
4000,Abu Dhabi,11001.93,10975.373986
3826,Dubai,10999.69,10975.373986
205,Dubai,10998.50,10975.373986
4471,Sharjah,10996.47,10975.373986
1947,Dubai,10995.77,10975.373986
2599,Dubai,10994.88,10975.373986
4909,Dubai,10994.47,10975.373986
839,Abu Dhabi,10992.38,10975.373986
4084,Dubai,10992.18,10975.373986
237,Dubai,10991.63,10975.373986
4119,Dubai,10990.32,10975.373986
1082,Abu Dhabi,10989.63,10975.373986
3847,Dubai,10988.90,10975.373986
4810,Dubai,10988.52,10975.373986
1565,Abu Dhabi,10987.41,10975.373986
1995,Sharjah,10987.12,10975.373986
355,Dubai,10986.52,10975.373986
3240,Sharjah,10984.04,10975.373986
4028,Abu Dhabi,10983.97,10975.373986
2747,Abu Dhabi,10983.75,10975.373986
1799,Dubai,10978.29,10975.373986
980,Sharjah,10976.35,10975.373986
4457,Sharjah,10975.95,10975.373986
2271,Dubai,10975.46,10975.373986
